"Date","Price","Open","High","Low","Vol.","Change %"
"Jan 09, 2020","23.10","23.70","23.90","23.00","37.41K","-0.43%"
"Jan 08, 2020","23.20","23.70","23.90","23.10","48.49K","-2.11%"
"Jan 07, 2020","23.70","23.90","24.20","23.60","96.75K","-0.84%"
"Jan 06, 2020","23.90","23.90","24.80","23.80","86.34K","-0.83%"
"Jan 05, 2020","24.10","24.90","24.90","23.90","114.78K","-2.43%"
"Jan 02, 2020","24.70","25.10","25.20","24.60","107.33K","0.82%"
"Jan 01, 2020","24.50","24.80","25.10","24.40","71.69K","-0.81%"
"Dec 30, 2019","24.70","24.90","25.20","24.20","168.46K","0.41%"
"Dec 29, 2019","24.60","24.50","25.00","24.40","113.03K","0.82%"
"Dec 26, 2019","24.40","24.20","24.80","24.10","65.81K","1.24%"
"Dec 24, 2019","24.10","24.20","24.30","23.60","99.08K","0.84%"
"Dec 23, 2019","23.90","24.30","25.00","23.50","248.59K","-2.45%"
"Dec 22, 2019","24.50","24.50","24.70","24.00","36.68K","0.41%"
"Dec 19, 2019","24.40","24.30","24.80","24.00","59.00K","2.09%"
"Dec 18, 2019","23.90","25.20","25.20","23.80","80.13K","-1.65%"
"Dec 17, 2019","24.30","25.10","25.10","24.10","65.73K","-2.80%"
"Dec 15, 2019","25.00","24.80","25.30","24.80","56.36K","-2.34%"
"Dec 12, 2019","25.60","24.50","25.80","24.00","81.59K","4.07%"
"Dec 11, 2019","24.60","24.90","24.90","24.40","53.52K","-0.81%"
"Dec 10, 2019","24.80","25.50","25.60","24.40","68.94K","-1.59%"
"Dec 09, 2019","25.20","25.80","25.80","25.00","25.37K","-1.95%"
"Dec 08, 2019","25.70","26.30","26.60","25.60","140.11K","-3.38%"
"Dec 05, 2019","26.60","27.70","27.70","26.50","128.26K","-2.92%"
"Dec 04, 2019","27.40","27.40","28.20","27.20","240.99K","0.00%"
"Dec 03, 2019","27.40","27.60","28.10","27.30","126.30K","0.37%"
"Dec 02, 2019","27.30","27.40","28.90","26.90","565.89K","1.87%"
"Dec 01, 2019","26.80","27.20","27.60","26.70","256.70K","-1.11%"
"Nov 28, 2019","27.10","27.20","27.50","26.50","383.36K","0.37%"
"Nov 27, 2019","27.00","26.60","28.30","26.40","426.26K","1.50%"
"Nov 26, 2019","26.60","25.10","27.30","24.90","552.21K","6.40%"
"Nov 25, 2019","25.00","24.40","25.90","24.40","329.64K","4.17%"
"Nov 24, 2019","24.00","23.80","24.40","23.40","300.95K","2.04%"
"Nov 20, 2019","23.52","23.81","24.10","23.33","269.02K","-0.80%"
"Nov 19, 2019","23.71","23.90","24.10","23.62","248.36K","0.38%"
"Nov 18, 2019","23.62","23.43","24.19","23.33","318.72K","1.24%"
"Nov 17, 2019","23.33","22.19","23.62","22.19","266.03K","-0.81%"
"Nov 14, 2019","23.52","24.00","24.57","23.33","220.42K","-3.17%"
"Nov 13, 2019","24.29","25.33","25.33","23.90","277.09K","-4.11%"
"Nov 12, 2019","25.33","25.71","26.00","25.33","158.91K","-1.86%"
"Nov 11, 2019","25.81","26.00","26.38","25.71","171.82K","-1.45%"
"Nov 07, 2019","26.19","26.67","26.67","25.90","231.17K","-0.72%"
"Nov 06, 2019","26.38","26.10","27.14","26.10","242.26K","1.85%"
"Nov 05, 2019","25.90","26.38","26.38","25.71","221.28K","-1.11%"
"Nov 04, 2019","26.19","26.86","26.95","26.10","108.53K","-3.18%"
"Nov 03, 2019","27.05","27.05","27.33","26.57","111.24K","1.08%"
"Oct 31, 2019","26.76","27.52","27.52","25.90","249.02K","-1.40%"
"Oct 30, 2019","27.14","25.52","27.52","25.43","342.70K","7.53%"
"Oct 29, 2019","25.24","27.43","27.43","24.86","306.65K","-8.91%"
"Oct 28, 2019","27.71","28.67","28.67","27.62","129.09K","-3.01%"
"Oct 27, 2019","28.57","27.62","28.67","27.62","130.86K","3.82%"
"Oct 24, 2019","27.52","27.62","27.81","26.95","115.62K","2.12%"
"Oct 23, 2019","26.95","26.76","27.43","26.10","117.93K","0.00%"
"Oct 22, 2019","26.95","26.67","28.86","26.67","75.95K","-2.74%"
"Oct 21, 2019","27.71","28.57","28.57","26.95","62.50K","-2.70%"
"Oct 20, 2019","28.48","28.67","29.05","28.00","51.19K","-0.66%"
"Oct 17, 2019","28.67","28.48","29.05","27.81","88.50K","0.00%"
"Oct 16, 2019","28.67","29.33","29.43","28.29","125.12K","-2.25%"
"Oct 15, 2019","29.33","27.62","29.62","27.62","187.23K","8.07%"
"Oct 14, 2019","27.14","27.71","28.19","26.95","193.69K","-2.06%"
"Oct 13, 2019","27.71","29.81","30.10","27.62","201.61K","-6.73%"
"Oct 10, 2019","29.71","31.33","31.33","29.52","183.62K","-5.17%"
"Oct 09, 2019","31.33","32.10","32.38","30.95","172.18K","-2.40%"
"Oct 07, 2019","32.10","32.86","32.86","32.00","73.75K","-2.31%"
"Oct 06, 2019","32.86","32.57","33.14","32.38","136.68K","2.37%"
"Oct 03, 2019","32.10","32.57","32.67","31.52","188.50K","-1.74%"
"Oct 02, 2019","32.67","32.95","32.95","32.38","90.39K","-0.58%"
"Oct 01, 2019","32.86","32.19","33.81","32.19","126.07K","2.69%"
"Sep 30, 2019","32.00","32.57","33.43","31.90","135.94K","-2.62%"
"Sep 29, 2019","32.86","33.05","33.90","32.67","172.50K","-2.81%"
"Sep 26, 2019","33.81","33.52","34.00","33.33","115.27K","1.44%"
"Sep 25, 2019","33.33","34.38","34.38","33.14","233.26K","-3.05%"
"Sep 24, 2019","34.38","35.24","35.24","34.19","156.03K","-1.38%"
"Sep 23, 2019","34.86","35.14","36.10","34.67","185.44K","0.29%"
"Sep 22, 2019","34.76","35.81","35.81","34.67","93.53K","-0.29%"
"Sep 19, 2019","34.86","35.81","35.90","34.67","114.08K","-2.13%"
"Sep 18, 2019","35.62","36.10","36.38","35.33","187.25K","-0.53%"
"Sep 17, 2019","35.81","36.38","36.38","35.62","179.18K","-1.57%"
"Sep 16, 2019","36.38","36.29","36.76","36.19","94.61K","1.06%"
"Sep 15, 2019","36.00","36.38","36.38","35.52","95.03K","-1.04%"
"Sep 12, 2019","36.38","36.10","36.95","35.71","146.13K","1.06%"
"Sep 11, 2019","36.00","37.33","37.33","35.90","203.27K","-3.56%"
"Sep 09, 2019","37.33","37.71","38.10","37.24","114.55K","-1.01%"
"Sep 08, 2019","37.71","37.81","38.10","37.24","187.12K","-0.26%"
"Sep 05, 2019","37.81","37.52","38.19","37.52","246.89K","0.77%"
"Sep 04, 2019","37.52","38.57","38.95","37.14","108.16K","-0.77%"
"Sep 03, 2019","37.81","38.38","38.38","37.05","241.35K","-1.49%"
"Sep 02, 2019","38.38","39.33","39.33","38.00","268.98K","-1.46%"
"Sep 01, 2019","38.95","39.14","39.43","38.48","201.99K","-0.49%"
"Aug 29, 2019","39.14","39.05","39.52","38.38","212.11K","-0.25%"
"Aug 28, 2019","39.24","40.29","40.86","39.05","339.31K","-2.61%"
"Aug 27, 2019","40.29","41.71","41.90","40.10","427.83K","-3.40%"
"Aug 26, 2019","41.71","42.29","42.76","40.76","1.04M","-0.24%"
"Aug 25, 2019","41.81","40.67","42.48","40.38","1.71M","5.29%"
"Aug 22, 2019","39.71","40.10","40.48","38.95","1.19M","-0.25%"
"Aug 21, 2019","39.81","39.62","40.95","39.62","1.33M","0.73%"
"Aug 20, 2019","39.52","37.43","40.00","37.43","1.89M","6.41%"
"Aug 19, 2019","37.14","36.48","37.90","36.48","567.39K","1.81%"
"Aug 18, 2019","36.48","36.29","36.76","36.29","94.05K","0.00%"
"Aug 08, 2019","36.48","36.19","36.76","36.19","200.20K","-0.25%"
"Aug 07, 2019","36.57","37.14","37.33","36.38","335.36K","-1.53%"
"Aug 06, 2019","37.14","37.14","37.81","37.05","379.89K","0.51%"
"Aug 05, 2019","36.95","37.90","38.00","36.57","323.82K","-1.02%"
"Aug 04, 2019","37.33","36.95","37.62","36.95","274.38K","1.55%"
"Aug 01, 2019","36.76","36.86","37.14","36.48","100.89K","1.30%"
"Jul 31, 2019","36.29","37.14","37.14","36.10","167.49K","-2.05%"
"Jul 30, 2019","37.05","37.43","37.52","36.95","211.49K","-0.24%"
"Jul 29, 2019","37.14","37.05","37.33","36.57","220.80K","1.56%"
"Jul 28, 2019","36.57","36.00","37.14","36.00","175.95K","1.58%"
"Jul 25, 2019","36.00","35.90","36.48","35.71","219.48K","0.28%"
"Jul 24, 2019","35.90","36.29","37.14","35.52","219.50K","-1.32%"
"Jul 23, 2019","36.38","35.24","36.86","35.24","142.81K","4.66%"
"Jul 22, 2019","34.76","34.76","35.24","33.71","275.43K","-2.41%"
"Jul 21, 2019","35.62","35.14","36.95","35.14","115.13K","-3.36%"
"Jul 18, 2019","36.86","37.43","37.43","36.67","115.69K","-0.24%"
"Jul 17, 2019","36.95","37.14","37.43","36.86","115.41K","-0.51%"
"Jul 16, 2019","37.14","36.95","37.52","36.76","160.26K","-0.77%"
"Jul 15, 2019","37.43","37.24","37.52","36.67","233.32K","0.51%"
"Jul 14, 2019","37.24","37.71","37.81","36.00","285.93K","-1.25%"
"Jul 11, 2019","37.71","40.95","40.95","37.52","944.36K","-9.39%"
"Jul 10, 2019","41.62","42.38","42.38","41.43","159.82K","-1.79%"
"Jul 09, 2019","42.38","43.14","43.24","42.00","175.84K","-1.76%"
"Jul 08, 2019","43.14","43.62","43.90","42.95","112.16K","-1.30%"
"Jul 07, 2019","43.71","44.00","44.57","43.62","164.95K","-0.43%"
"Jul 04, 2019","43.90","44.48","44.67","43.71","256.29K","-1.30%"
"Jul 03, 2019","44.48","45.71","45.71","44.38","164.66K","-1.27%"
"Jul 02, 2019","45.05","44.00","45.24","43.90","264.03K","2.15%"
"Jun 30, 2019","44.10","44.00","44.57","43.62","214.49K","0.46%"
"Jun 27, 2019","43.90","44.38","44.67","43.71","210.58K","-0.66%"
"Jun 26, 2019","44.19","44.38","44.76","44.10","158.22K","0.00%"
"Jun 25, 2019","44.19","44.67","44.76","44.10","91.99K","-1.07%"
"Jun 24, 2019","44.67","44.48","45.71","44.48","206.50K","0.65%"
"Jun 23, 2019","44.38","44.57","44.86","44.10","108.07K","-0.43%"
"Jun 20, 2019","44.57","44.86","45.14","44.29","284.49K","-0.65%"
"Jun 19, 2019","44.86","45.33","45.62","44.76","243.41K","-0.62%"
"Jun 18, 2019","45.14","44.29","45.52","44.00","309.41K","2.59%"
"Jun 17, 2019","44.00","45.14","45.14","43.90","242.99K","-1.70%"
"Jun 16, 2019","44.76","45.05","46.00","44.57","409.96K","0.00%"
"Jun 13, 2019","44.76","44.86","45.52","44.48","410.82K","-0.42%"
"Jun 12, 2019","44.95","45.33","45.33","44.76","212.21K","-1.47%"
"Jun 11, 2019","45.62","45.24","46.00","45.24","608.08K","0.84%"
"Jun 10, 2019","45.24","44.86","45.90","44.76","476.09K","1.71%"
"Jun 09, 2019","44.48","44.19","44.57","44.00","183.33K","0.66%"
"May 30, 2019","44.19","43.81","44.48","43.71","187.68K","0.43%"
"May 29, 2019","44.00","43.24","44.29","42.86","264.33K","2.66%"
"May 28, 2019","42.86","42.76","43.33","42.67","144.78K","1.35%"
"May 27, 2019","42.29","42.29","42.57","41.81","108.64K","-0.21%"
"May 26, 2019","42.38","42.67","42.67","42.29","64.30K","0.00%"
"May 23, 2019","42.38","42.86","42.86","42.00","108.03K","-0.68%"
"May 22, 2019","42.67","42.95","43.14","42.38","103.50K","-0.65%"
"May 21, 2019","42.95","43.52","43.52","42.86","145.08K","-1.11%"
"May 20, 2019","43.43","44.00","44.38","43.43","141.41K","-1.30%"
"May 19, 2019","44.00","43.71","44.29","43.43","225.36K","1.76%"
"May 16, 2019","43.24","42.86","43.62","42.67","125.48K","0.89%"
"May 15, 2019","42.86","43.33","43.33","42.76","244.79K","-0.21%"
"May 14, 2019","42.95","43.52","43.52","42.86","128.71K","-1.31%"
"May 13, 2019","43.52","44.00","44.00","43.33","206.83K","-0.87%"
"May 12, 2019","43.90","44.29","44.57","43.81","147.62K","0.21%"
"May 09, 2019","43.81","44.29","44.29","43.33","274.72K","-0.21%"
"May 08, 2019","43.90","44.00","44.38","43.14","398.43K","-0.23%"
"May 07, 2019","44.00","45.71","45.90","43.90","478.52K","-2.93%"
"May 06, 2019","45.33","44.48","46.00","43.24","834.27K","1.91%"
"May 05, 2019","44.48","41.90","44.67","41.90","1.49M","9.37%"
"May 02, 2019","40.67","40.67","40.67","38.00","745.98K","9.77%"
"Apr 30, 2019","37.05","37.14","37.71","36.67","383.47K","0.27%"
"Apr 29, 2019","36.95","36.95","37.33","36.76","306.25K","0.00%"
"Apr 28, 2019","36.95","38.29","38.29","36.76","172.84K","-2.76%"
"Apr 25, 2019","38.00","38.67","38.86","37.62","129.39K","0.50%"
"Apr 24, 2019","37.81","38.86","38.86","37.24","175.06K","-2.70%"
"Apr 23, 2019","38.86","39.52","40.19","38.48","158.53K","-2.85%"
"Apr 21, 2019","40.00","39.90","40.57","39.71","127.54K","0.48%"
"Apr 18, 2019","39.81","39.05","40.00","38.76","152.07K","2.71%"
"Apr 17, 2019","38.76","39.05","39.14","38.57","133.57K","-0.26%"
"Apr 16, 2019","38.86","39.24","39.62","38.76","79.38K","-1.92%"
"Apr 15, 2019","39.62","40.38","40.57","39.52","93.54K","-1.42%"
"Apr 11, 2019","40.19","39.81","40.57","38.95","158.27K","2.19%"
"Apr 10, 2019","39.33","39.81","40.38","39.05","96.09K","-1.43%"
"Apr 09, 2019","39.90","40.86","40.86","39.52","164.01K","-2.11%"
"Apr 08, 2019","40.76","41.43","41.81","40.57","133.58K","-2.28%"
"Apr 07, 2019","41.71","42.29","42.29","41.62","102.35K","-1.14%"
"Apr 04, 2019","42.19","41.81","42.38","41.71","84.48K","0.45%"
"Apr 03, 2019","42.00","42.67","42.67","41.90","112.46K","-0.69%"
"Apr 02, 2019","42.29","41.90","43.33","41.90","214.27K","1.85%"
"Apr 01, 2019","41.52","41.71","42.10","41.43","111.73K","0.00%"
"Mar 31, 2019","41.52","41.90","41.90","41.33","176.32K","-0.46%"
"Mar 28, 2019","41.71","42.00","42.19","41.62","253.16K","-0.45%"
"Mar 27, 2019","41.90","42.38","42.38","41.52","146.06K","0.00%"
"Mar 25, 2019","41.90","41.90","42.29","41.81","113.73K","0.46%"
"Mar 24, 2019","41.71","41.71","42.29","41.62","145.55K","0.00%"
"Mar 21, 2019","41.71","42.48","42.48","41.43","190.56K","-0.45%"
"Mar 20, 2019","41.90","42.48","43.43","41.52","338.94K","-1.37%"
"Mar 19, 2019","42.48","41.52","43.14","41.43","168.34K","2.31%"
"Mar 18, 2019","41.52","41.90","43.62","41.33","293.22K","-1.38%"
"Mar 14, 2019","42.10","44.19","44.29","41.62","317.07K","-3.48%"
"Mar 13, 2019","43.62","44.86","45.62","43.33","340.45K","-2.55%"
"Mar 12, 2019","44.76","46.19","46.19","44.67","129.36K","-1.06%"
"Mar 11, 2019","45.24","46.38","47.24","45.05","743.33K","-2.46%"
"Mar 10, 2019","46.38","45.71","47.14","45.71","264.78K","2.09%"
"Mar 07, 2019","45.43","46.95","47.14","45.05","400.27K","-1.24%"
"Mar 06, 2019","46.00","47.52","47.52","45.71","449.36K","-1.63%"
"Mar 05, 2019","46.76","48.38","48.38","46.38","477.21K","-1.81%"
"Mar 04, 2019","47.62","48.67","48.76","47.52","323.26K","-1.39%"
"Mar 03, 2019","48.29","48.29","49.24","48.10","306.84K","1.22%"
"Feb 27, 2019","47.71","48.76","48.86","47.52","636.81K","-1.00%"
"Feb 26, 2019","48.19","49.71","49.71","48.10","418.47K","-1.75%"
"Feb 25, 2019","49.05","49.43","49.52","48.95","259.28K","-0.18%"
"Feb 24, 2019","49.14","49.05","49.71","49.05","181.28K","-0.39%"
"Feb 20, 2019","49.33","49.62","49.81","48.95","191.45K","-0.58%"
"Feb 19, 2019","49.62","50.57","50.95","49.14","257.78K","-1.70%"
"Feb 18, 2019","50.48","51.33","51.62","50.29","296.08K","-1.66%"
"Feb 17, 2019","51.33","52.38","54.19","51.14","653.41K","-1.65%"
"Feb 14, 2019","52.19","52.10","52.95","51.43","954.65K","0.37%"
"Feb 13, 2019","52.00","48.48","52.29","48.48","1.68M","7.26%"
"Feb 12, 2019","48.48","46.95","48.86","46.76","486.18K","3.88%"
"Feb 11, 2019","46.67","47.33","47.33","46.38","388.34K","-1.00%"
"Feb 10, 2019","47.14","47.33","47.62","46.95","281.70K","-0.21%"
"Feb 07, 2019","47.24","48.48","48.86","46.76","659.58K","-2.56%"
"Feb 06, 2019","48.48","48.95","50.00","48.29","273.99K","-0.96%"
"Feb 05, 2019","48.95","48.38","49.33","47.62","557.70K","3.20%"
"Feb 04, 2019","47.43","46.67","48.95","46.57","484.82K","1.43%"
"Feb 03, 2019","46.76","49.43","50.00","46.48","1.20M","-5.04%"
"Jan 31, 2019","49.24","50.95","51.33","48.86","699.46K","-3.55%"
"Jan 30, 2019","51.05","53.52","53.81","50.67","1.74M","-6.12%"
"Jan 29, 2019","54.38","53.71","54.95","53.62","715.07K","1.42%"
"Jan 28, 2019","53.62","53.52","54.00","53.24","673.72K","0.54%"
"Jan 27, 2019","53.33","54.29","54.29","52.86","802.33K","-0.19%"
"Jan 24, 2019","53.43","53.33","54.76","53.33","865.95K","-0.17%"
"Jan 23, 2019","53.52","54.57","54.95","53.33","1.10M","-1.92%"
"Jan 22, 2019","54.57","56.10","56.29","54.38","917.55K","-2.38%"
"Jan 21, 2019","55.90","54.19","56.57","53.52","2.46M","4.25%"
"Jan 20, 2019","53.62","55.05","55.05","53.43","1.49M","-2.60%"
"Jan 17, 2019","55.05","56.19","56.57","54.86","656.71K","-1.02%"
"Jan 16, 2019","55.62","57.05","57.52","55.14","1.24M","-2.01%"
"Jan 15, 2019","56.76","57.05","57.14","56.38","1.04M","-0.67%"
"Jan 14, 2019","57.14","58.29","58.57","56.48","3.14M","-1.97%"
"Jan 13, 2019","58.29","60.00","60.00","57.71","1.62M","-1.92%"
"Jan 10, 2019","59.43","60.76","62.38","59.05","1.35M","-2.19%"
"Jan 09, 2019","60.76","62.19","62.48","60.00","1.40M","-1.84%"
"Jan 08, 2019","61.90","60.48","62.86","60.10","2.30M","2.35%"
"Jan 07, 2019","60.48","60.00","61.81","59.90","2.11M","1.29%"
"Jan 06, 2019","59.71","59.24","61.33","59.24","1.18M","-0.96%"
"Jan 03, 2019","60.29","59.33","61.71","59.33","1.43M","1.12%"
"Jan 02, 2019","59.62","59.05","60.00","57.52","1.51M","1.29%"
"Jan 01, 2019","58.86","58.10","60.38","57.90","922.48K","2.15%"
"Dec 27, 2018","57.62","56.67","58.10","56.00","1.12M","0.17%"
"Dec 26, 2018","57.52","56.76","58.57","56.19","539.51K","0.82%"
"Dec 24, 2018","57.05","55.81","58.86","55.81","1.36M","1.87%"
"Dec 23, 2018","56.00","55.81","56.48","55.14","395.11K","0.34%"
"Dec 20, 2018","55.81","55.43","57.62","55.43","363.93K","0.00%"
"Dec 19, 2018","55.81","56.57","57.24","55.14","575.68K","-0.16%"
"Dec 18, 2018","55.90","54.86","56.48","54.29","335.46K","1.90%"
"Dec 17, 2018","54.86","57.14","57.14","54.29","262.69K","-3.52%"
"Dec 13, 2018","56.86","56.76","58.10","56.19","655.36K","0.00%"
"Dec 12, 2018","56.86","56.76","58.76","56.38","910.84K","0.18%"
"Dec 11, 2018","56.76","57.05","58.57","56.29","427.42K","-0.99%"
"Dec 10, 2018","57.33","56.95","59.05","56.10","1.01M","1.50%"
"Dec 09, 2018","56.48","58.86","58.95","56.19","577.86K","-2.79%"
"Dec 06, 2018","58.10","59.05","59.24","57.90","971.67K","-1.44%"
"Dec 05, 2018","58.95","60.48","60.57","58.76","810.32K","-1.75%"
"Dec 04, 2018","60.00","59.62","61.24","59.14","908.20K","1.45%"
"Dec 03, 2018","59.14","59.81","61.33","58.95","681.89K","0.48%"
"Dec 02, 2018","58.86","60.76","61.24","58.57","756.21K","-3.13%"
"Nov 29, 2018","60.76","60.95","62.19","60.48","623.20K","-0.31%"
"Nov 28, 2018","60.95","59.90","62.86","58.76","1.09M","3.55%"
"Nov 27, 2018","58.86","59.90","60.67","58.00","771.27K","-0.79%"
"Nov 26, 2018","59.33","61.43","63.81","58.86","1.22M","-3.26%"
"Nov 25, 2018","61.33","61.33","61.33","61.33","-","0.00%"
"Nov 22, 2018","61.33","61.68","62.22","60.97","1.03M","-0.42%"
"Nov 20, 2018","61.59","62.04","63.64","60.97","1.04M","-0.73%"
"Nov 19, 2018","62.04","60.26","63.37","60.26","1.82M","3.11%"
"Nov 18, 2018","60.17","61.68","61.68","59.81","921.83K","-0.87%"
"Nov 15, 2018","60.70","62.48","63.37","60.26","1.36M","-4.08%"
"Nov 14, 2018","63.28","63.73","64.53","62.39","920.33K","0.00%"
"Nov 13, 2018","63.28","62.22","64.09","61.24","1.14M","2.59%"
"Nov 12, 2018","61.68","65.95","65.95","59.72","1.68M","-5.33%"
"Nov 11, 2018","65.15","64.98","67.65","64.26","2.34M","1.24%"
"Nov 08, 2018","64.35","62.57","64.98","62.57","1.91M","3.14%"
"Nov 07, 2018","62.39","60.35","63.02","60.35","1.69M","4.47%"
"Nov 06, 2018","59.72","60.61","60.97","59.64","599.94K","-1.19%"
"Nov 05, 2018","60.44","60.26","61.50","59.46","766.28K","0.30%"
"Nov 04, 2018","60.26","59.37","61.95","59.37","1.02M","0.30%"
"Nov 01, 2018","60.08","61.42","62.22","59.81","456.45K","-1.46%"
"Oct 31, 2018","60.97","61.59","62.66","60.53","1.28M","-0.59%"
"Oct 30, 2018","61.33","62.22","64.09","60.97","1.03M","-0.86%"
"Oct 29, 2018","61.86","57.77","62.66","57.77","1.26M","5.94%"
"Oct 28, 2018","58.39","57.68","59.37","56.16","670.50K","0.93%"
"Oct 25, 2018","57.85","57.94","58.39","57.05","559.85K","1.08%"
"Oct 24, 2018","57.23","56.34","58.03","56.34","483.43K","0.00%"
"Oct 23, 2018","57.23","58.03","59.64","56.25","833.39K","-1.99%"
"Oct 22, 2018","58.39","58.74","59.37","56.79","604.33K","-0.31%"
"Oct 21, 2018","58.57","60.08","61.24","57.85","743.47K","-4.08%"
"Oct 18, 2018","61.06","62.75","62.75","60.61","791.88K","-1.86%"
"Oct 17, 2018","62.22","63.20","64.53","61.77","1.16M","0.29%"
"Oct 16, 2018","62.04","62.93","63.20","61.24","1.35M","-1.70%"
"Oct 15, 2018","63.11","68.54","68.89","62.39","2.22M","-3.13%"
"Oct 14, 2018","65.15","59.64","65.15","59.64","3.34M","9.90%"
"Oct 11, 2018","59.28","59.55","60.97","59.01","531.55K","-0.30%"
"Oct 10, 2018","59.46","61.68","61.68","59.01","910.38K","-1.62%"
"Oct 09, 2018","60.44","61.42","62.48","59.90","764.16K","-0.43%"
"Oct 08, 2018","60.70","61.59","62.93","60.53","947.41K","-1.30%"
"Oct 07, 2018","61.50","63.64","64.53","61.06","1.62M","-2.81%"
"Oct 04, 2018","63.28","64.62","65.42","62.66","1.76M","-0.57%"
"Oct 03, 2018","63.64","60.08","64.53","60.08","1.71M","6.40%"
"Oct 02, 2018","59.81","60.97","61.50","59.19","1.17M","-1.76%"
"Oct 01, 2018","60.88","63.02","64.53","60.08","1.27M","-2.84%"
"Sep 30, 2018","62.66","61.42","63.64","60.61","1.38M","2.62%"
"Sep 27, 2018","61.06","63.28","64.35","59.81","1.88M","-3.39%"
"Sep 26, 2018","63.20","68.27","69.16","62.31","3.48M","-6.58%"
"Sep 25, 2018","67.65","67.65","68.45","66.22","2.55M","0.67%"
"Sep 24, 2018","67.20","69.87","72.01","66.76","4.82M","-2.20%"
"Sep 23, 2018","68.71","70.14","71.03","67.65","2.89M","-1.04%"
"Sep 20, 2018","69.43","65.06","69.87","64.89","4.72M","7.00%"
"Sep 19, 2018","64.89","64.98","66.58","63.64","2.50M","1.39%"
"Sep 18, 2018","64.00","60.97","65.33","60.97","3.60M","7.47%"
"Sep 17, 2018","59.55","60.17","61.42","57.85","1.64M","-0.88%"
"Sep 16, 2018","60.08","64.53","64.98","59.01","2.66M","-5.99%"
"Sep 13, 2018","63.91","65.15","68.54","63.20","5.04M","1.70%"
"Sep 12, 2018","62.84","61.68","64.98","58.12","3.44M","2.61%"
"Sep 11, 2018","61.24","62.57","64.98","60.61","2.49M","-1.72%"
"Sep 10, 2018","62.31","57.14","62.31","57.05","5.47M","9.89%"
"Sep 09, 2018","56.70","54.83","57.32","54.29","1.70M","3.41%"
"Sep 06, 2018","54.83","51.54","55.81","51.54","1.70M","8.08%"
"Sep 05, 2018","50.73","50.82","51.62","50.56","453.17K","0.00%"
"Sep 04, 2018","50.73","51.54","51.54","50.65","196.03K","-0.18%"
"Sep 03, 2018","50.82","51.80","52.07","50.65","469.29K","-1.55%"
"Aug 30, 2018","51.62","51.71","52.25","51.45","320.33K","0.16%"
"Aug 29, 2018","51.54","51.62","52.16","51.27","361.20K","0.70%"
"Aug 28, 2018","51.18","51.27","51.71","50.82","220.88K","-0.18%"
"Aug 27, 2018","51.27","51.62","52.34","51.09","263.26K","-0.52%"
"Aug 26, 2018","51.54","51.62","51.98","50.91","235.75K","0.00%"
"Aug 20, 2018","51.54","50.91","52.25","50.65","305.70K","0.17%"
"Aug 19, 2018","51.45","50.73","51.98","50.38","231.30K","1.42%"
"Aug 16, 2018","50.73","50.29","51.98","49.76","490.09K","1.06%"
"Aug 14, 2018","50.20","51.80","52.51","49.84","568.50K","-4.25%"
"Aug 13, 2018","52.43","54.29","54.74","52.07","279.23K","-2.15%"
"Aug 12, 2018","53.58","58.57","59.01","53.23","2.14M","-7.25%"
"Aug 09, 2018","57.77","55.81","58.57","55.72","905.78K","3.85%"
"Aug 08, 2018","55.63","56.70","57.77","55.45","501.63K","-2.20%"
"Aug 07, 2018","56.88","55.81","57.94","55.81","1.15M","1.92%"
"Aug 06, 2018","55.81","56.96","57.68","54.83","521.96K","-0.94%"
"Aug 05, 2018","56.34","54.29","56.70","53.67","598.00K","3.93%"
"Aug 02, 2018","54.21","54.47","54.83","53.49","543.10K","0.50%"
"Aug 01, 2018","53.94","55.10","55.54","53.67","364.73K","-0.33%"
"Jul 31, 2018","54.12","54.56","55.18","53.76","428.11K","0.33%"
"Jul 30, 2018","53.94","56.34","56.34","52.96","334.55K","-2.11%"
"Jul 29, 2018","55.10","55.63","57.14","54.83","1.53M","-0.14%"
"Jul 26, 2018","55.18","56.96","56.96","54.74","927.38K","-1.45%"
"Jul 25, 2018","55.99","56.25","58.21","55.18","953.02K","0.48%"
"Jul 24, 2018","55.72","58.66","58.83","55.36","1.82M","-5.01%"
"Jul 23, 2018","58.66","62.04","62.04","58.03","1.02M","-4.21%"
"Jul 22, 2018","61.24","61.77","63.64","59.19","2.60M","-0.71%"
"Jul 19, 2018","61.68","60.97","62.57","60.08","1.50M","1.46%"
"Jul 18, 2018","60.79","57.41","61.42","57.41","2.66M","7.55%"
"Jul 17, 2018","56.52","56.52","57.50","55.01","1.82M","1.44%"
"Jul 16, 2018","55.72","55.63","57.94","55.36","2.78M","0.16%"
"Jul 15, 2018","55.63","54.29","56.25","53.58","506.05K","3.31%"
"Jul 12, 2018","53.85","55.45","55.90","52.96","1.29M","-1.46%"
"Jul 11, 2018","54.65","57.14","58.12","53.67","958.66K","-3.92%"
"Jul 10, 2018","56.88","52.87","57.41","52.43","2.41M","8.86%"
"Jul 09, 2018","52.25","52.87","54.03","51.98","681.53K","-0.17%"
"Jul 08, 2018","52.34","51.62","53.32","51.62","629.86K","2.09%"
"Jul 05, 2018","51.27","50.91","52.43","50.91","559.61K","2.31%"
"Jul 04, 2018","50.11","50.02","50.91","49.84","304.41K","0.36%"
"Jul 03, 2018","49.93","51.09","51.45","49.84","285.66K","-0.89%"
"Jul 02, 2018","50.38","52.07","52.07","49.93","241.70K","-0.69%"
"Jun 28, 2018","50.73","51.36","51.80","50.47","577.13K","-0.70%"
"Jun 27, 2018","51.09","52.34","52.87","50.56","373.64K","-2.39%"
"Jun 26, 2018","52.34","51.62","53.23","51.36","526.21K","1.73%"
"Jun 25, 2018","51.45","53.40","53.67","51.00","536.41K","-2.52%"
"Jun 24, 2018","52.78","54.21","54.83","52.07","1.04M","-2.15%"
"Jun 21, 2018","53.94","52.43","54.74","52.34","850.72K","3.06%"
"Jun 20, 2018","52.34","54.56","54.56","51.80","555.94K","-1.99%"
"Jun 19, 2018","53.40","54.65","54.74","53.05","745.14K","-2.29%"
"Jun 18, 2018","54.65","54.38","55.36","54.21","669.28K","0.66%"
"Jun 12, 2018","54.29","53.49","54.92","53.49","263.30K","1.33%"
"Jun 11, 2018","53.58","53.40","55.01","53.23","361.05K","-0.17%"
"Jun 10, 2018","53.67","55.18","55.18","53.23","522.66K","-2.12%"
"Jun 07, 2018","54.83","56.34","56.43","54.29","554.36K","-2.21%"
"Jun 06, 2018","56.07","58.74","58.74","55.45","1.07M","-3.97%"
"Jun 05, 2018","58.39","56.96","59.37","56.96","2.30M","3.64%"
"Jun 04, 2018","56.34","55.63","57.14","55.10","1.08M","2.25%"
"Jun 03, 2018","55.10","55.18","56.43","54.56","444.22K","0.49%"
"May 31, 2018","54.83","53.94","55.90","52.16","811.26K","1.82%"
"May 30, 2018","53.85","56.16","57.59","53.40","1.44M","-3.82%"
"May 29, 2018","55.99","53.67","56.43","53.32","1.84M","4.32%"
"May 28, 2018","53.67","52.51","55.27","51.62","1.20M","2.72%"
"May 27, 2018","52.25","48.51","52.51","48.51","705.91K","9.31%"
"May 24, 2018","47.80","46.91","48.06","46.91","153.98K","2.09%"
"May 23, 2018","46.82","47.44","48.42","46.55","165.36K","-0.74%"
"May 22, 2018","47.17","48.60","48.78","46.46","129.26K","-1.85%"
"May 21, 2018","48.06","48.42","50.11","48.06","134.13K","0.54%"
"May 20, 2018","47.80","48.95","48.95","47.26","157.72K","-2.71%"
"May 17, 2018","49.13","49.84","49.84","49.04","124.85K","-1.09%"
"May 16, 2018","49.67","49.13","50.38","49.13","158.67K","-0.34%"
"May 15, 2018","49.84","50.29","50.38","49.84","126.99K","0.52%"
"May 14, 2018","49.58","51.00","51.00","49.40","144.00K","-0.52%"
"May 13, 2018","49.84","52.16","52.16","49.58","174.84K","-3.13%"
"May 10, 2018","51.45","51.98","52.25","50.91","195.10K","-0.33%"
"May 09, 2018","51.62","52.87","53.32","51.45","250.95K","-2.86%"
"May 08, 2018","53.14","54.12","54.38","52.78","283.06K","-1.81%"
"May 07, 2018","54.12","54.21","55.18","53.94","340.87K","-0.17%"
"May 06, 2018","54.21","53.85","55.45","53.85","382.06K","0.67%"
"May 03, 2018","53.85","53.40","54.56","53.05","538.02K","1.16%"
"Apr 30, 2018","53.23","53.05","53.40","51.80","212.70K","1.70%"
"Apr 26, 2018","52.34","53.14","53.58","52.07","324.09K","0.00%"
"Apr 25, 2018","52.34","53.85","54.74","52.07","294.30K","-1.84%"
"Apr 24, 2018","53.32","50.65","53.85","50.65","953.25K","4.73%"
"Apr 23, 2018","50.91","49.67","51.18","48.69","305.65K","4.56%"
"Apr 22, 2018","48.69","49.76","50.11","48.33","178.99K","-0.71%"
"Apr 19, 2018","49.04","49.76","50.56","48.78","227.45K","-1.78%"
"Apr 18, 2018","49.93","49.84","51.27","49.84","157.90K","0.18%"
"Apr 17, 2018","49.84","52.07","52.43","49.40","202.13K","-2.62%"
"Apr 16, 2018","51.18","49.93","51.54","48.51","324.91K","2.50%"
"Apr 15, 2018","49.93","52.34","52.51","48.95","389.34K","-4.44%"
"Apr 12, 2018","52.25","52.51","53.40","51.54","155.85K","-0.34%"
"Apr 11, 2018","52.43","52.69","55.54","52.07","478.83K","-1.50%"
"Apr 10, 2018","53.23","53.49","54.65","52.87","545.28K","-0.32%"
"Apr 09, 2018","53.40","55.01","55.18","53.14","775.44K","-2.45%"
"Apr 08, 2018","54.74","53.40","56.79","53.14","793.01K","5.68%"
"Apr 05, 2018","51.80","50.38","53.40","48.60","1.21M","3.00%"
"Apr 04, 2018","50.29","50.82","52.69","49.84","592.94K","-0.53%"
"Apr 03, 2018","50.56","51.54","52.25","50.38","559.04K","-1.04%"
"Apr 02, 2018","51.09","47.08","51.09","46.46","996.21K","9.97%"
"Apr 01, 2018","46.46","44.24","46.55","43.79","910.40K","9.65%"
"Mar 29, 2018","42.37","39.07","42.81","38.99","589.49K","8.67%"
"Mar 28, 2018","38.99","40.41","40.85","38.90","210.91K","-3.30%"
"Mar 27, 2018","40.32","41.12","42.10","39.96","100.05K","-5.24%"
"Mar 25, 2018","42.55","42.46","42.99","42.28","24.17K","0.64%"
"Mar 22, 2018","42.28","43.17","43.17","41.03","170.15K","-0.82%"
"Mar 21, 2018","42.63","43.35","44.50","42.10","83.23K","-3.64%"
"Mar 20, 2018","44.24","44.68","45.13","43.97","74.30K","-1.58%"
"Mar 19, 2018","44.95","45.48","45.48","44.77","64.99K","-0.97%"
"Mar 18, 2018","45.39","45.39","45.66","45.13","16.44K","-0.59%"
"Mar 15, 2018","45.66","45.66","46.02","44.95","95.13K","0.59%"
"Mar 14, 2018","45.39","46.28","46.28","45.22","70.25K","-1.56%"
"Mar 13, 2018","46.11","46.02","46.28","44.50","204.33K","2.17%"
"Mar 12, 2018","45.13","45.75","45.84","44.95","63.73K","-1.74%"
"Mar 11, 2018","45.93","46.28","46.64","45.84","71.76K","-0.76%"
"Mar 08, 2018","46.28","45.39","47.08","45.39","57.77K","-0.39%"
"Mar 07, 2018","46.46","46.19","46.73","46.19","75.33K","0.58%"
"Mar 06, 2018","46.19","46.55","47.35","45.84","196.09K","-0.39%"
"Mar 05, 2018","46.37","46.91","47.00","45.93","98.62K","-0.96%"
"Mar 04, 2018","46.82","47.44","48.33","46.73","138.10K","-2.42%"
"Mar 01, 2018","47.98","47.08","48.33","47.08","145.71K","1.52%"
"Feb 28, 2018","47.26","46.73","48.06","46.73","100.33K","1.53%"
"Feb 27, 2018","46.55","47.35","47.71","46.46","37.41K","-0.58%"
"Feb 26, 2018","46.82","47.44","48.69","46.46","86.55K","-2.42%"
"Feb 25, 2018","47.98","48.33","50.20","47.53","261.47K","2.09%"
"Feb 22, 2018","47.00","46.64","48.06","46.64","215.88K","0.38%"
"Feb 20, 2018","46.82","48.69","48.69","46.64","94.74K","-0.38%"
"Feb 19, 2018","47.00","48.06","48.95","46.73","113.16K","-2.21%"
"Feb 18, 2018","48.06","48.06","50.38","47.62","108.40K","-2.71%"
"Feb 15, 2018","49.40","48.06","50.29","48.06","74.98K","0.37%"
"Feb 14, 2018","49.22","49.84","50.73","48.42","223.14K","0.18%"
"Feb 13, 2018","49.13","50.56","50.56","48.95","65.80K","-1.27%"
"Feb 12, 2018","49.76","50.29","50.65","49.58","78.13K","-1.41%"
"Feb 11, 2018","50.47","49.04","51.80","49.04","220.30K","2.17%"
"Feb 08, 2018","49.40","49.67","49.84","48.78","44.64K","-0.54%"
"Feb 07, 2018","49.67","48.51","51.36","48.51","163.30K","-0.34%"
"Feb 06, 2018","49.84","48.33","50.73","48.24","154.37K","3.70%"
"Feb 05, 2018","48.06","48.33","48.87","46.82","116.84K","-1.29%"
"Feb 04, 2018","48.69","52.07","52.07","48.33","162.62K","-5.36%"
"Feb 01, 2018","51.45","51.71","52.87","50.91","164.61K","-1.36%"
"Jan 31, 2018","52.16","52.51","52.78","51.45","109.35K","-1.51%"
"Jan 30, 2018","52.96","53.49","53.58","51.80","369.53K","0.00%"
"Jan 29, 2018","52.96","53.76","53.76","52.69","205.59K","-0.51%"
"Jan 28, 2018","53.23","54.56","54.65","53.05","308.24K","-3.53%"
"Jan 25, 2018","55.18","54.92","55.45","54.92","189.27K","0.15%"
"Jan 24, 2018","55.10","55.81","55.81","55.01","239.89K","-0.63%"
"Jan 23, 2018","55.45","55.63","55.81","55.10","257.90K","0.80%"
"Jan 22, 2018","55.01","54.83","55.99","54.56","363.58K","0.49%"
"Jan 21, 2018","54.74","54.74","55.54","54.65","122.04K","-0.33%"
"Jan 18, 2018","54.92","54.74","55.54","54.65","99.24K","-0.47%"
"Jan 17, 2018","55.18","55.90","55.90","55.10","130.72K","-0.65%"
"Jan 16, 2018","55.54","54.38","56.07","54.03","203.70K","1.80%"
"Jan 15, 2018","54.56","55.10","55.63","54.29","221.78K","-0.82%"
"Jan 14, 2018","55.01","55.81","55.81","54.74","217.91K","-0.95%"
"Jan 11, 2018","55.54","55.18","55.72","54.74","82.37K","0.33%"
"Jan 10, 2018","55.36","56.16","56.25","55.01","195.23K","-1.27%"
"Jan 09, 2018","56.07","56.07","56.34","55.81","201.03K","0.00%"
"Jan 08, 2018","56.07","57.05","57.05","55.99","352.00K","-1.42%"
"Jan 07, 2018","56.88","56.61","57.41","56.43","598.88K","0.96%"
"Jan 04, 2018","56.34","56.52","56.61","55.72","661.52K","0.48%"
"Jan 03, 2018","56.07","54.74","56.52","54.74","815.53K","2.77%"
"Jan 02, 2018","54.56","54.38","54.65","54.12","219.55K","0.50%"
"Jan 01, 2018","54.29","55.10","55.45","54.03","213.42K","-1.15%"
"Dec 28, 2017","54.92","53.67","55.36","53.67","451.48K","1.65%"
"Dec 27, 2017","54.03","53.94","54.56","53.85","334.81K","0.33%"
"Dec 26, 2017","53.85","53.94","54.29","53.58","239.59K","-0.33%"
"Dec 24, 2017","54.03","54.29","54.56","53.49","244.45K","-0.48%"
"Dec 21, 2017","54.29","54.56","54.92","54.29","197.98K","-0.17%"
"Dec 20, 2017","54.38","54.65","55.01","54.29","497.41K","0.31%"
"Dec 19, 2017","54.21","54.65","54.74","53.94","187.91K","0.00%"
"Dec 18, 2017","54.21","54.56","55.10","54.12","212.82K","-0.31%"
"Dec 17, 2017","54.38","55.36","55.36","54.29","186.21K","0.31%"
"Dec 14, 2017","54.21","54.12","54.83","53.85","187.18K","0.50%"
"Dec 13, 2017","53.94","54.12","54.38","53.85","136.73K","-0.33%"
"Dec 12, 2017","54.12","54.21","54.83","54.12","109.82K","-0.17%"
"Dec 11, 2017","54.21","54.38","54.74","54.12","128.36K","-0.31%"
"Dec 10, 2017","54.38","54.47","54.92","54.29","97.27K","0.00%"
"Dec 07, 2017","54.38","54.83","55.18","54.21","196.34K","-0.66%"
"Dec 06, 2017","54.74","55.54","55.54","54.47","170.31K","-0.80%"
"Dec 05, 2017","55.18","54.65","56.16","54.56","570.78K","1.47%"
"Dec 04, 2017","54.38","54.92","55.01","54.29","211.15K","0.00%"
"Dec 03, 2017","54.38","54.74","55.10","54.29","330.69K","-0.17%"
"Nov 30, 2017","54.47","55.18","55.27","54.29","280.13K","-0.33%"
"Nov 29, 2017","54.65","55.45","55.45","54.47","332.99K","0.16%"
"Nov 28, 2017","54.56","55.63","56.16","54.21","494.13K","-2.40%"
"Nov 27, 2017","55.90","54.47","56.61","54.47","906.30K","3.46%"
"Nov 26, 2017","54.03","55.01","55.01","53.76","407.22K","-1.13%"
"Nov 23, 2017","54.65","54.92","55.63","54.29","213.46K","-0.33%"
"Nov 22, 2017","54.83","55.81","55.99","54.56","245.75K","-0.96%"
"Nov 21, 2017","55.36","55.99","56.70","54.92","280.23K","0.47%"
"Nov 20, 2017","55.10","55.63","56.79","54.65","277.54K","-0.63%"
"Nov 19, 2017","55.45","56.88","56.88","55.18","179.95K","-1.26%"
"Nov 16, 2017","56.16","57.50","57.50","56.07","176.92K","-1.72%"
"Nov 15, 2017","57.14","56.43","58.39","56.07","94.86K","2.22%"
"Nov 14, 2017","55.90","56.61","56.79","55.18","235.84K","-1.25%"
"Nov 13, 2017","56.61","57.59","57.77","56.34","141.48K","0.00%"
"Nov 12, 2017","56.61","57.50","57.85","56.34","121.76K","-2.14%"
"Nov 09, 2017","57.85","58.30","58.48","57.59","220.59K","-0.46%"
"Nov 08, 2017","58.12","58.21","58.83","57.85","123.69K","-0.77%"
"Nov 07, 2017","58.57","57.59","59.55","57.59","219.05K","1.54%"
"Nov 06, 2017","57.68","58.57","59.10","57.50","258.10K","-1.95%"
"Nov 05, 2017","58.83","58.74","59.81","58.39","71.29K","-0.61%"
"Nov 02, 2017","59.19","58.57","59.81","58.57","252.58K","2.32%"
"Nov 01, 2017","57.85","57.85","58.66","57.05","196.49K","1.17%"
"Oct 30, 2017","57.18","57.10","57.85","56.01","666.75K","1.19%"
"Oct 29, 2017","56.51","58.44","58.53","56.34","582.67K","-3.71%"
"Oct 26, 2017","58.69","60.79","60.79","58.27","591.09K","-3.72%"
"Oct 25, 2017","60.96","61.30","61.97","60.21","578.26K","-1.09%"
"Oct 24, 2017","61.63","61.97","63.06","60.88","1.75M","-0.42%"
"Oct 23, 2017","61.89","59.03","62.14","58.78","1.09M","5.74%"
"Oct 22, 2017","58.53","54.66","59.95","54.66","837.73K","6.75%"
"Oct 19, 2017","54.83","54.50","55.67","54.16","229.19K","-0.62%"
"Oct 18, 2017","55.17","55.25","55.76","54.83","109.29K","-0.59%"
"Oct 17, 2017","55.50","54.66","56.01","54.66","73.89K","1.06%"
"Oct 16, 2017","54.92","55.42","56.01","54.58","95.96K","-1.05%"
"Oct 15, 2017","55.50","54.58","56.26","53.74","133.38K","1.22%"
"Oct 12, 2017","54.83","55.42","56.09","54.33","154.12K","-1.51%"
"Oct 11, 2017","55.67","57.10","58.53","54.41","1.05M","-1.92%"
"Oct 10, 2017","56.76","55.59","57.94","55.59","620.56K","-0.30%"
"Oct 09, 2017","56.93","56.68","57.27","56.34","301.55K","0.14%"
"Oct 08, 2017","56.85","57.10","57.52","56.26","327.21K","0.30%"
"Oct 05, 2017","56.68","55.84","57.52","55.25","480.56K","1.20%"
"Oct 04, 2017","56.01","56.09","57.10","55.42","279.41K","0.30%"
"Oct 03, 2017","55.84","52.90","56.01","52.40","510.89K","5.56%"
"Oct 02, 2017","52.90","53.57","53.91","52.40","131.93K","-2.18%"
"Sep 28, 2017","54.08","53.15","54.41","52.90","139.43K","1.75%"
"Sep 27, 2017","53.15","53.57","53.74","52.90","139.70K","-0.78%"
"Sep 26, 2017","53.57","53.49","54.41","53.07","81.59K","-0.78%"
"Sep 25, 2017","53.99","52.90","55.00","52.90","226.99K","2.06%"
"Sep 24, 2017","52.90","53.15","53.57","52.82","74.09K","-0.64%"
"Sep 21, 2017","53.24","52.90","54.75","52.48","200.83K","0.32%"
"Sep 20, 2017","53.07","53.82","54.41","50.38","225.84K","-2.62%"
"Sep 19, 2017","54.50","53.99","55.00","53.74","159.70K","0.94%"
"Sep 18, 2017","53.99","56.01","56.01","53.74","275.02K","-4.17%"
"Sep 17, 2017","56.34","55.59","56.68","55.50","276.19K","1.81%"
"Sep 14, 2017","55.34","52.98","56.01","52.82","629.74K","4.61%"
"Sep 13, 2017","52.90","53.74","53.99","52.82","202.87K","-1.25%"
"Sep 12, 2017","53.57","53.74","54.08","53.07","229.66K","-0.17%"
"Sep 11, 2017","53.66","54.41","54.41","53.49","141.55K","-1.38%"
"Sep 10, 2017","54.41","54.83","55.00","53.74","170.92K","-0.17%"
"Sep 07, 2017","54.50","55.00","55.00","54.41","229.75K","-1.52%"
"Sep 06, 2017","55.34","55.92","55.92","55.17","171.64K","-0.75%"
"Sep 05, 2017","55.76","56.01","56.18","55.67","135.97K","-0.29%"
"Sep 04, 2017","55.92","56.09","56.26","55.76","167.81K","-0.30%"
"Aug 31, 2017","56.09","56.93","57.02","55.84","106.26K","-0.60%"
"Aug 30, 2017","56.43","57.44","57.44","56.18","41.14K","-0.30%"
"Aug 29, 2017","56.60","57.52","57.69","56.43","74.70K","-0.88%"
"Aug 28, 2017","57.10","56.09","57.44","56.09","145.46K","1.35%"
"Aug 27, 2017","56.34","56.68","56.68","55.92","70.77K","0.59%"
"Aug 24, 2017","56.01","55.67","56.60","55.59","47.19K","-0.14%"
"Aug 23, 2017","56.09","56.09","56.26","55.76","71.12K","0.45%"
"Aug 22, 2017","55.84","56.60","56.60","55.67","131.56K","0.31%"
"Aug 21, 2017","55.67","56.01","56.85","55.50","68.73K","-0.75%"
"Aug 20, 2017","56.09","55.92","57.02","55.76","147.32K","0.45%"
"Aug 17, 2017","55.84","55.76","56.85","55.76","34.48K","0.14%"
"Aug 16, 2017","55.76","56.76","57.10","55.59","137.14K","-1.76%"
"Aug 13, 2017","56.76","56.26","57.52","56.26","67.04K","-1.88%"
"Aug 10, 2017","57.85","56.34","58.27","56.26","92.94K","0.28%"
"Aug 09, 2017","57.69","57.94","57.94","57.52","54.32K","0.00%"
"Aug 08, 2017","57.69","57.85","58.69","57.60","55.67K","-0.28%"
"Aug 07, 2017","57.85","58.53","58.78","57.60","151.01K","-0.87%"
"Aug 06, 2017","58.36","58.78","58.95","57.94","115.42K","-1.00%"
"Aug 03, 2017","58.95","58.69","59.28","58.44","162.07K","0.29%"
"Aug 02, 2017","58.78","60.29","60.96","58.61","902.90K","-1.13%"
"Aug 01, 2017","59.45","60.79","61.30","59.28","450.85K","-0.42%"
"Jul 31, 2017","59.70","60.37","61.30","59.20","522.89K","0.00%"
"Jul 30, 2017","59.70","60.37","61.30","59.62","351.56K","0.13%"
"Jul 27, 2017","59.62","60.37","60.37","59.20","519.15K","-0.13%"
"Jul 26, 2017","59.70","59.28","59.95","58.44","324.00K","1.43%"
"Jul 25, 2017","58.86","58.78","59.37","58.61","155.78K","0.56%"
"Jul 24, 2017","58.53","59.45","59.45","58.19","110.90K","-0.71%"
"Jul 23, 2017","58.95","58.95","59.37","58.69","218.68K","0.15%"
"Jul 20, 2017","58.86","58.86","59.62","58.69","60.74K","0.00%"
"Jul 19, 2017","58.86","60.46","60.63","58.69","256.71K","-1.56%"
"Jul 18, 2017","59.79","60.46","60.79","59.37","249.98K","-1.39%"
"Jul 17, 2017","60.63","62.22","62.22","60.46","210.93K","-2.56%"
"Jul 16, 2017","62.22","60.96","62.89","60.96","633.72K","2.07%"
"Jul 13, 2017","60.96","60.37","61.47","59.87","790.85K","0.98%"
"Jul 12, 2017","60.37","60.12","61.63","60.12","344.75K","-1.11%"
"Jul 11, 2017","61.05","60.88","62.05","60.21","872.14K","0.84%"
"Jul 10, 2017","60.54","61.13","61.13","59.95","461.04K","-0.69%"
"Jul 09, 2017","60.96","59.20","61.21","59.11","1.04M","3.41%"
"Jul 06, 2017","58.95","59.11","60.12","58.19","210.07K","-0.56%"
"Jul 05, 2017","59.28","60.46","60.46","59.11","308.12K","-1.81%"
"Jul 04, 2017","60.37","58.36","60.63","57.94","1.01M","3.75%"
"Jul 03, 2017","58.19","57.52","58.36","57.10","511.10K","2.05%"
"Jul 02, 2017","57.02","57.27","57.27","56.26","292.24K","-0.28%"
"Jun 29, 2017","57.18","55.25","58.36","55.25","603.71K","2.86%"
"Jun 28, 2017","55.59","55.25","56.01","55.25","199.14K","-0.45%"
"Jun 22, 2017","55.84","56.26","56.51","55.50","173.40K","-0.61%"
"Jun 21, 2017","56.18","54.92","56.34","54.92","164.85K","0.16%"
"Jun 20, 2017","56.09","54.50","56.34","54.50","212.71K","2.13%"
"Jun 19, 2017","54.92","54.92","55.67","54.41","209.24K","0.00%"
"Jun 18, 2017","54.92","56.51","56.60","54.83","108.98K","-2.09%"
"Jun 15, 2017","56.09","55.25","56.76","55.25","198.24K","-0.90%"
"Jun 14, 2017","56.60","55.00","56.76","55.00","362.36K","3.06%"
"Jun 13, 2017","54.92","54.58","55.76","54.50","127.17K","0.16%"
"Jun 12, 2017","54.83","54.58","55.00","54.58","65.69K","-0.31%"
"Jun 11, 2017","55.00","55.50","55.59","54.58","137.33K","-0.31%"
"Jun 08, 2017","55.17","55.17","55.92","54.83","148.64K","-0.31%"
"Jun 07, 2017","55.34","55.84","55.84","55.00","267.75K","-1.04%"
"Jun 06, 2017","55.92","57.10","57.10","55.59","166.40K","-1.04%"
"Jun 05, 2017","56.51","55.42","57.02","55.17","246.60K","2.43%"
"Jun 04, 2017","55.17","56.09","56.09","54.58","136.17K","-1.64%"
"Jun 01, 2017","56.09","56.85","56.85","55.59","40.55K","-0.30%"
"May 31, 2017","56.26","56.26","58.78","55.84","220.64K","0.00%"
"May 30, 2017","56.26","56.01","56.76","55.42","119.70K","0.45%"
"May 29, 2017","56.01","55.76","56.93","55.59","71.55K","-1.62%"
"May 28, 2017","56.93","56.68","57.44","56.26","40.29K","-0.30%"
"May 25, 2017","57.10","57.10","57.85","56.85","27.37K","-0.44%"
"May 24, 2017","57.35","57.52","57.94","57.27","43.95K","-0.16%"
"May 23, 2017","57.44","58.36","58.36","57.02","115.37K","-0.28%"
"May 22, 2017","57.60","58.69","58.95","57.10","128.25K","0.73%"
"May 21, 2017","57.18","58.78","58.78","56.68","52.43K","-1.45%"
"May 18, 2017","58.02","59.87","59.87","57.10","508.23K","-2.13%"
"May 17, 2017","59.28","59.95","60.21","58.78","345.84K","-0.70%"
"May 16, 2017","59.70","60.21","60.21","59.45","96.72K","-0.28%"
"May 15, 2017","59.87","59.62","60.12","58.78","121.79K","1.00%"
"May 14, 2017","59.28","60.37","60.37","58.95","294.49K","-2.23%"
"May 11, 2017","60.63","61.05","61.38","60.46","192.20K","-0.82%"
"May 09, 2017","61.13","59.87","62.14","59.87","503.42K","0.97%"
"May 08, 2017","60.54","60.46","61.38","60.29","200.63K","-0.84%"
"May 07, 2017","61.05","61.13","61.21","59.62","390.39K","-0.13%"
"May 04, 2017","61.13","60.29","61.97","58.61","530.80K","1.53%"
"May 03, 2017","60.21","58.95","60.46","58.95","649.34K","2.73%"
"May 02, 2017","58.61","57.77","60.21","56.09","1.03M","1.89%"
"Apr 30, 2017","57.52","58.61","58.78","56.34","172.33K","-1.86%"
"Apr 27, 2017","58.61","61.13","61.13","58.11","304.58K","-1.97%"
"Apr 26, 2017","59.79","60.46","60.46","58.86","196.96K","1.15%"
"Apr 25, 2017","59.11","59.20","59.79","58.78","216.75K","0.42%"
"Apr 24, 2017","58.86","59.20","59.20","57.69","259.95K","-0.15%"
"Apr 23, 2017","58.95","58.86","59.62","58.44","92.48K","-0.56%"
"Apr 20, 2017","59.28","60.04","60.37","58.78","179.83K","0.29%"
"Apr 19, 2017","59.11","59.70","60.46","58.69","273.14K","-1.55%"
"Apr 18, 2017","60.04","61.47","61.47","59.45","844.04K","-2.33%"
"Apr 17, 2017","61.47","60.88","61.80","60.46","309.17K","0.97%"
"Apr 16, 2017","60.88","61.97","61.97","60.04","202.41K","-1.22%"
"Apr 13, 2017","61.63","60.54","62.05","60.46","176.53K","1.10%"
"Apr 12, 2017","60.96","63.06","63.06","60.12","254.25K","-1.50%"
"Apr 11, 2017","61.89","61.38","62.22","61.05","181.46K","-0.13%"
"Apr 10, 2017","61.97","63.82","63.82","61.30","338.28K","-1.07%"
"Apr 09, 2017","62.64","63.14","63.65","62.14","219.91K","-0.40%"
"Apr 06, 2017","62.89","62.22","64.32","61.72","413.61K","0.26%"
"Apr 05, 2017","62.73","65.50","65.58","62.14","729.56K","-3.48%"
"Apr 04, 2017","64.99","66.08","66.25","64.74","258.91K","-1.65%"
"Apr 03, 2017","66.08","66.08","66.59","65.33","291.41K","0.00%"
"Apr 02, 2017","66.08","65.24","66.76","64.99","373.04K","1.29%"
"Mar 30, 2017","65.24","63.31","65.66","63.31","366.94K","3.18%"
"Mar 29, 2017","63.23","63.90","65.08","62.98","231.55K","-1.82%"
"Mar 28, 2017","64.40","64.49","64.99","64.15","193.06K","-0.40%"
"Mar 27, 2017","64.66","64.82","66.25","64.40","182.10K","0.26%"
"Mar 23, 2017","64.49","64.82","65.50","64.07","291.96K","0.26%"
"Mar 22, 2017","64.32","65.33","65.33","64.15","349.81K","-0.91%"
"Mar 21, 2017","64.91","65.33","65.66","64.82","259.49K","0.00%"
"Mar 20, 2017","64.91","66.08","66.08","64.91","368.89K","-1.65%"
"Mar 19, 2017","66.00","66.34","66.59","64.74","1.17M","-1.14%"
"Mar 16, 2017","66.76","66.84","68.35","66.25","803.00K","0.00%"
"Mar 15, 2017","66.76","67.26","67.43","66.34","265.78K","-0.74%"
"Mar 14, 2017","67.26","67.93","67.93","65.92","841.92K","-0.87%"
"Mar 13, 2017","67.85","67.85","68.18","67.26","457.41K","0.00%"
"Mar 12, 2017","67.85","68.18","68.60","67.01","987.04K","0.00%"
"Mar 09, 2017","67.85","67.34","68.60","67.01","759.77K","0.00%"
"Mar 08, 2017","67.85","68.77","69.19","66.92","1.44M","-1.70%"
"Mar 07, 2017","69.02","69.69","70.45","68.02","1.61M","-1.20%"
"Mar 06, 2017","69.86","70.11","70.53","69.44","2.20M","-0.60%"
"Mar 05, 2017","70.28","69.36","70.87","68.94","2.99M","1.69%"
"Mar 02, 2017","69.11","66.17","69.44","66.17","2.48M","5.11%"
"Mar 01, 2017","65.75","66.84","66.84","64.99","1.07M","1.29%"
"Feb 28, 2017","64.91","67.43","67.68","64.74","812.47K","-1.90%"
"Feb 27, 2017","66.17","67.43","67.76","65.92","358.33K","-1.62%"
"Feb 26, 2017","67.26","67.09","68.35","65.66","964.09K","1.65%"
"Feb 23, 2017","66.17","68.35","68.35","65.66","784.99K","-1.62%"
"Feb 22, 2017","67.26","68.52","68.77","66.17","822.78K","-0.25%"
"Feb 20, 2017","67.43","67.68","70.03","67.09","1.27M","-0.62%"
"Feb 19, 2017","67.85","68.52","69.11","67.51","438.33K","-0.73%"
"Feb 16, 2017","68.35","69.19","69.19","67.43","377.55K","-0.97%"
"Feb 15, 2017","69.02","69.11","69.69","68.44","711.55K","-0.60%"
"Feb 13, 2017","69.44","68.69","69.61","67.85","711.40K","2.48%"
"Feb 12, 2017","67.76","68.85","69.19","67.51","386.03K","-1.22%"
"Feb 09, 2017","68.60","68.60","69.44","67.68","1.70M","0.00%"
"Feb 08, 2017","68.60","69.19","69.19","68.02","646.73K","0.23%"
"Feb 07, 2017","68.44","68.85","69.44","68.10","428.76K","0.13%"
"Feb 06, 2017","68.35","68.10","69.02","67.85","304.04K","0.62%"
"Feb 05, 2017","67.93","68.02","68.69","66.34","393.13K","0.00%"
"Feb 02, 2017","67.93","68.44","69.27","67.26","564.71K","-0.86%"
"Feb 01, 2017","68.52","67.51","69.44","67.51","706.00K","0.50%"
"Jan 31, 2017","68.18","69.27","70.11","65.66","1.19M","-1.35%"
"Jan 30, 2017","69.11","64.24","69.69","63.90","2.73M","8.44%"
"Jan 29, 2017","63.73","64.57","67.01","60.79","1.25M","-0.53%"
"Jan 26, 2017","64.07","65.50","66.76","63.40","1.22M","-2.05%"
"Jan 25, 2017","65.41","70.53","71.88","65.16","1.44M","-7.05%"
"Jan 24, 2017","70.37","71.21","71.29","68.94","1.73M","0.85%"
"Jan 23, 2017","69.78","71.29","71.37","67.85","1.36M","-1.19%"
"Jan 22, 2017","70.62","71.21","73.89","69.78","1.70M","0.13%"
"Jan 19, 2017","70.53","68.52","70.87","68.18","1.26M","3.95%"
"Jan 18, 2017","67.85","69.69","70.03","67.09","1.92M","-2.53%"
"Jan 17, 2017","69.61","67.09","70.45","67.09","2.70M","4.80%"
"Jan 16, 2017","66.42","68.35","69.44","65.92","1.81M","-2.71%"
"Jan 15, 2017","68.27","70.03","70.03","67.09","2.09M","-1.33%"
"Jan 12, 2017","69.19","71.21","71.63","68.35","2.15M","-1.31%"
"Jan 11, 2017","70.11","70.11","72.63","69.11","2.80M","0.72%"
"Jan 10, 2017","69.61","72.72","74.65","68.77","3.42M","-1.43%"
"Jan 09, 2017","70.62","64.91","70.62","64.74","5.89M","9.93%"
"Jan 08, 2017","64.24","62.05","65.16","62.05","3.42M","3.80%"
"Jan 05, 2017","61.89","62.22","62.31","60.88","842.94K","0.83%"
"Jan 04, 2017","61.38","62.05","62.73","61.05","810.65K","-0.68%"
"Jan 03, 2017","61.80","63.82","64.49","61.05","1.92M","-3.17%"
"Jan 02, 2017","63.82","62.56","64.91","62.14","1.76M","3.40%"
"Jan 01, 2017","61.72","61.13","62.14","60.54","1.33M","1.25%"
"Dec 29, 2016","60.96","61.13","61.38","59.79","1.29M","0.83%"
"Dec 28, 2016","60.46","61.63","61.89","59.62","943.76K","0.15%"
"Dec 27, 2016","60.37","62.64","62.64","59.37","2.38M","-2.71%"
"Dec 26, 2016","62.05","65.08","65.83","61.89","2.24M","-4.41%"
"Dec 22, 2016","64.91","63.73","65.92","62.98","2.55M","3.34%"
"Dec 21, 2016","62.81","60.29","63.40","60.29","2.68M","4.91%"
"Dec 20, 2016","59.87","59.45","61.55","59.11","1.58M","1.00%"
"Dec 19, 2016","59.28","58.86","60.79","58.86","1.76M","-0.70%"
"Dec 18, 2016","59.70","60.04","61.97","59.20","1.94M","-0.70%"
"Dec 15, 2016","60.12","61.97","62.14","59.70","2.19M","-2.72%"
"Dec 14, 2016","61.80","60.04","63.14","59.45","2.02M","4.39%"
"Dec 12, 2016","59.20","59.70","60.37","58.19","2.03M","-0.99%"
"Dec 11, 2016","59.79","62.81","65.41","57.69","3.16M","-3.52%"
"Dec 08, 2016","61.97","63.82","65.41","60.54","3.72M","-2.50%"
"Dec 07, 2016","63.56","61.05","64.07","60.88","2.76M","4.40%"
"Dec 06, 2016","60.88","60.04","62.14","58.69","3.74M","2.11%"
"Dec 05, 2016","59.62","55.92","61.89","55.25","5.51M","5.65%"
"Dec 04, 2016","56.43","57.02","57.94","55.59","3.28M","1.82%"
"Dec 01, 2016","55.42","51.14","55.42","50.80","6.83M","10.00%"
"Nov 30, 2016","50.38","50.38","50.97","49.37","2.27M","-0.18%"
"Nov 29, 2016","50.47","51.14","51.56","49.21","2.17M","-1.79%"
"Nov 28, 2016","51.39","51.39","52.40","51.05","1.81M","0.16%"
"Nov 27, 2016","51.31","50.97","51.56","49.37","1.55M","1.00%"
"Nov 24, 2016","50.80","51.22","51.81","50.38","1.35M","-0.49%"
"Nov 23, 2016","51.05","48.11","51.64","48.11","1.52M","5.00%"
"Nov 22, 2016","48.62","50.13","50.38","47.95","1.24M","-2.04%"
"Nov 21, 2016","49.63","49.21","51.14","48.95","2.04M","-1.16%"
"Nov 20, 2016","50.21","52.73","52.82","49.54","2.59M","-3.09%"
"Nov 17, 2016","51.81","53.15","53.15","49.12","3.11M","-2.06%"
"Nov 16, 2016","52.90","49.88","53.57","49.54","4.58M","6.05%"
"Nov 15, 2016","49.88","51.22","54.08","49.04","4.07M","-1.81%"
"Nov 14, 2016","50.80","47.02","52.82","46.18","4.05M","5.22%"
"Nov 13, 2016","48.28","48.28","50.21","46.27","3.76M","1.05%"
"Nov 10, 2016","47.78","42.99","47.86","42.99","5.08M","9.64%"
"Nov 09, 2016","43.58","43.66","44.00","42.66","4.16M","0.18%"
"Nov 08, 2016","43.50","40.73","43.66","40.73","4.72M","8.37%"
"Nov 07, 2016","40.14","37.87","40.31","37.87","5.33M","7.90%"
"Nov 06, 2016","37.20","36.19","38.29","35.94","2.73M","2.31%"
"Nov 03, 2016","36.36","36.19","36.86","36.11","2.51M","-0.22%"
"Nov 02, 2016","36.44","36.36","36.78","36.02","2.05M","0.91%"
"Nov 01, 2016","36.11","35.44","36.27","35.10","1.73M","1.89%"
"Oct 31, 2016","35.44","35.10","36.02","34.18","2.07M","2.19%"
"Oct 30, 2016","34.68","34.60","35.69","34.26","2.27M","1.23%"
"Oct 27, 2016","34.26","33.76","34.76","33.76","1.79M","1.24%"
"Oct 26, 2016","33.84","34.01","34.26","33.17","1.37M","-0.99%"
"Oct 25, 2016","34.18","33.59","34.34","33.34","1.68M","1.76%"
"Oct 24, 2016","33.59","32.24","33.84","31.66","1.88M","4.45%"
"Oct 23, 2016","32.16","32.50","33.08","31.91","775.86K","-1.05%"
"Oct 20, 2016","32.50","31.24","32.92","31.24","1.72M","4.33%"
"Oct 19, 2016","31.15","31.32","31.40","30.98","343.16K","-0.54%"
"Oct 18, 2016","31.32","30.82","31.40","30.73","510.38K","1.62%"
"Oct 17, 2016","30.82","30.48","30.82","30.48","309.60K","1.38%"
"Oct 16, 2016","30.40","30.40","30.90","30.31","381.19K","-0.52%"
"Oct 13, 2016","30.56","30.65","30.65","30.31","372.75K","-0.84%"
"Oct 10, 2016","30.82","29.64","31.15","29.64","561.98K","3.98%"
"Oct 09, 2016","29.64","29.81","29.89","29.56","134.77K","-0.84%"
"Oct 06, 2016","29.89","30.06","30.06","29.81","127.81K","-0.57%"
"Oct 05, 2016","30.06","29.98","30.14","29.89","168.47K","0.84%"
"Oct 04, 2016","29.81","29.81","30.06","29.64","232.78K","0.57%"
"Oct 03, 2016","29.64","29.73","29.98","29.56","141.21K","-0.84%"
"Oct 02, 2016","29.89","29.56","29.98","29.56","223.34K","0.54%"
"Sep 29, 2016","29.73","29.56","29.81","29.39","144.51K","0.88%"
"Sep 28, 2016","29.47","29.64","29.64","29.22","99.88K","0.55%"
"Sep 27, 2016","29.31","29.56","29.73","29.31","118.51K","-0.54%"
"Sep 26, 2016","29.47","29.73","29.89","29.39","169.35K","-0.87%"
"Sep 25, 2016","29.73","29.64","29.81","29.39","112.57K","0.58%"
"Sep 24, 2016","29.56","29.73","29.81","29.47","81.24K","-0.57%"
"Sep 22, 2016","29.73","29.05","29.81","29.05","181.92K","1.43%"
"Sep 21, 2016","29.31","29.14","29.47","29.05","196.87K","0.00%"
"Sep 20, 2016","29.31","28.97","29.64","28.97","93.86K","0.90%"
"Sep 19, 2016","29.05","29.14","29.22","28.89","119.38K","-0.31%"
"Sep 18, 2016","29.14","29.14","29.31","29.05","71.30K","-0.27%"
"Sep 08, 2016","29.22","29.39","29.47","29.22","56.71K","-0.58%"
"Sep 07, 2016","29.39","29.64","29.64","29.31","84.39K","0.27%"
"Sep 06, 2016","29.31","29.39","29.56","29.14","31.87K","0.00%"
"Sep 05, 2016","29.31","29.47","29.64","29.31","66.10K","-1.11%"
"Sep 04, 2016","29.64","29.56","29.73","29.39","108.44K","0.00%"
"Sep 01, 2016","29.64","29.56","29.81","29.47","57.47K","0.00%"
"Aug 31, 2016","29.64","29.64","29.89","29.39","151.24K","0.85%"
"Aug 30, 2016","29.39","29.56","29.64","29.31","209.11K","0.27%"
"Aug 29, 2016","29.31","29.14","29.73","28.97","157.72K","0.90%"
"Aug 28, 2016","29.05","29.56","30.14","28.97","143.11K","0.28%"
"Aug 24, 2016","28.97","28.97","29.31","28.80","146.70K","-0.28%"
"Aug 23, 2016","29.05","29.39","29.39","28.97","193.88K","-1.16%"
"Aug 22, 2016","29.39","29.56","29.89","29.22","154.56K","-0.58%"
"Aug 21, 2016","29.56","29.81","29.81","29.47","97.33K","-0.27%"
"Aug 18, 2016","29.64","30.23","30.23","29.56","188.80K","-1.40%"
"Aug 17, 2016","30.06","30.48","30.98","29.98","176.53K","-0.56%"
"Aug 16, 2016","30.23","30.23","30.40","30.06","186.33K","0.30%"
"Aug 14, 2016","30.14","30.40","30.65","30.06","163.02K","-0.30%"
"Aug 11, 2016","30.23","29.73","30.56","29.64","326.35K","1.68%"
"Aug 10, 2016","29.73","29.64","30.06","29.64","183.28K","-0.54%"
"Aug 09, 2016","29.89","30.56","30.56","29.73","311.46K","-0.83%"
"Aug 08, 2016","30.14","30.06","30.56","29.73","219.60K","0.53%"
"Aug 07, 2016","29.98","29.89","30.23","29.81","139.14K","-0.83%"
"Aug 04, 2016","30.23","31.32","31.40","30.14","696.70K","-2.95%"
"Aug 03, 2016","31.15","30.65","31.32","30.56","833.63K","1.37%"
"Aug 02, 2016","30.73","30.23","30.90","30.23","449.42K","1.65%"
"Aug 01, 2016","30.23","29.47","30.40","29.47","448.84K","2.27%"
"Jul 31, 2016","29.56","29.39","29.81","29.22","187.79K","0.58%"
"Jul 28, 2016","29.39","30.56","30.90","29.31","313.86K","0.00%"
"Jul 27, 2016","29.39","29.64","29.73","29.22","110.28K","-0.58%"
"Jul 26, 2016","29.56","30.06","30.06","29.39","420.04K","-1.66%"
"Jul 25, 2016","30.06","30.90","30.90","29.98","292.00K","-2.18%"
"Jul 24, 2016","30.73","30.48","30.98","30.40","529.78K","1.65%"
"Jul 21, 2016","30.23","30.14","30.40","29.56","423.77K","1.14%"
"Jul 20, 2016","29.89","28.63","30.14","28.63","244.94K","3.78%"
"Jul 19, 2016","28.80","29.14","29.22","28.63","239.60K","-1.44%"
"Jul 18, 2016","29.22","29.47","29.73","29.05","299.50K","-1.15%"
"Jul 17, 2016","29.56","29.81","29.89","29.47","262.17K","-0.57%"
"Jul 16, 2016","29.73","29.64","29.89","29.64","216.10K","0.30%"
"Jul 14, 2016","29.64","29.73","29.98","29.56","145.26K","-1.13%"
"Jul 13, 2016","29.98","29.81","30.40","29.81","581.23K","1.15%"
"Jul 12, 2016","29.64","29.05","29.73","28.97","271.94K","2.03%"
"Jul 11, 2016","29.05","29.05","29.22","28.89","94.76K","0.55%"
"Jul 10, 2016","28.89","29.05","29.14","28.55","79.89K","-0.55%"
"Jun 30, 2016","29.05","29.05","29.31","28.89","241.40K","0.00%"
"Jun 29, 2016","29.05","28.72","29.14","28.63","141.65K","1.15%"
"Jun 28, 2016","28.72","28.63","28.89","28.38","275.97K","0.88%"
"Jun 27, 2016","28.47","28.72","28.80","28.21","599.57K","-0.28%"
"Jun 26, 2016","28.55","28.72","28.89","28.47","241.12K","-1.18%"
"Jun 23, 2016","28.89","29.05","29.05","28.80","152.58K","-0.28%"
"Jun 22, 2016","28.97","28.63","29.22","28.63","168.49K","0.59%"
"Jun 21, 2016","28.80","29.39","29.39","28.63","179.92K","-0.31%"
"Jun 20, 2016","28.89","28.80","29.22","28.72","99.95K","0.31%"
"Jun 19, 2016","28.80","28.80","29.14","28.55","246.91K","-0.31%"
"Jun 16, 2016","28.89","29.22","29.39","28.72","291.77K","-1.97%"
"Jun 15, 2016","29.47","28.97","29.64","28.97","225.19K","1.45%"
"Jun 14, 2016","29.05","29.31","29.64","28.97","211.34K","-0.89%"
"Jun 13, 2016","29.31","29.98","29.98","29.14","70.49K","-0.54%"
"Jun 12, 2016","29.47","29.73","30.06","29.31","160.02K","-1.96%"
"Jun 09, 2016","30.06","29.81","30.31","29.81","350.20K","1.11%"
"Jun 08, 2016","29.73","29.31","29.98","28.55","682.19K","2.91%"
"Jun 07, 2016","28.89","29.39","29.39","28.80","116.30K","-1.97%"
"Jun 06, 2016","29.47","30.06","30.06","28.97","212.90K","-0.57%"
"Jun 05, 2016","29.64","30.06","30.14","29.47","136.84K","-1.40%"
"Jun 02, 2016","30.06","30.40","30.56","29.89","212.49K","-0.56%"
"Jun 01, 2016","30.23","30.06","30.40","29.98","156.61K","1.14%"
"May 31, 2016","29.89","30.65","30.65","29.73","342.24K","-1.94%"
"May 30, 2016","30.48","31.15","31.15","30.40","269.13K","-0.81%"
"May 29, 2016","30.73","31.07","31.07","30.56","195.59K","-0.29%"
"May 26, 2016","30.82","30.82","31.07","30.73","160.52K","-0.26%"
"May 25, 2016","30.90","31.24","31.24","30.73","98.96K","-0.80%"
"May 24, 2016","31.15","31.07","31.32","31.07","243.88K","0.55%"
"May 22, 2016","30.98","31.15","31.40","30.82","114.04K","-0.29%"
"May 19, 2016","31.07","31.07","31.57","30.73","480.72K","0.00%"
"May 18, 2016","31.07","31.07","31.15","30.90","302.98K","0.00%"
"May 17, 2016","31.07","31.24","31.24","30.98","284.07K","0.00%"
"May 16, 2016","31.07","30.65","31.15","30.65","276.25K","1.37%"
"May 15, 2016","30.65","30.98","30.98","30.23","40.09K","-0.26%"
"May 12, 2016","30.73","30.65","30.98","30.56","154.69K","-0.29%"
"May 11, 2016","30.82","30.65","31.15","30.48","305.12K","0.29%"
"May 10, 2016","30.73","30.56","31.07","30.31","278.77K","0.56%"
"May 09, 2016","30.56","31.57","31.66","30.31","647.50K","-3.20%"
"May 08, 2016","31.57","31.82","31.91","31.32","419.88K","0.00%"
"May 05, 2016","31.57","31.99","31.99","31.49","235.15K","-0.79%"
"May 04, 2016","31.82","30.56","32.16","30.56","756.28K","1.86%"
"May 02, 2016","31.24","30.56","31.91","30.48","331.92K","0.29%"
"Apr 28, 2016","31.15","31.24","31.49","30.56","332.67K","-1.61%"
"Apr 27, 2016","31.66","31.32","31.91","31.32","571.38K","-0.50%"
"Apr 26, 2016","31.82","32.08","32.08","31.15","710.95K","1.60%"
"Apr 25, 2016","31.32","30.73","31.91","30.73","458.64K","1.10%"
"Apr 24, 2016","30.98","31.07","31.15","30.82","312.59K","-0.29%"
"Apr 21, 2016","31.07","31.24","31.40","30.82","454.67K","-1.33%"
"Apr 20, 2016","31.49","30.90","31.99","30.40","607.62K","2.47%"
"Apr 19, 2016","30.73","31.74","31.91","30.65","326.95K","-3.18%"
"Apr 18, 2016","31.74","30.40","31.99","30.40","967.27K","3.56%"
"Apr 17, 2016","30.65","30.82","31.07","30.06","707.43K","-0.55%"
"Apr 13, 2016","30.82","31.66","31.66","30.73","560.30K","-2.65%"
"Apr 12, 2016","31.66","32.66","32.92","31.49","782.27K","-2.58%"
"Apr 11, 2016","32.50","31.99","32.83","31.40","990.88K","4.33%"
"Apr 10, 2016","31.15","33.17","33.59","30.98","1.44M","-5.12%"
"Apr 07, 2016","32.83","34.93","35.18","32.41","2.27M","-5.80%"
"Apr 06, 2016","34.85","33.42","35.10","33.42","760.56K","4.03%"
"Apr 05, 2016","33.50","34.93","34.93","33.17","875.15K","-4.09%"
"Apr 04, 2016","34.93","35.10","35.44","34.76","702.43K","0.00%"
"Apr 03, 2016","34.93","34.76","35.10","34.43","683.27K","1.72%"
"Mar 31, 2016","34.34","33.92","34.93","33.92","1.07M","2.23%"
"Mar 30, 2016","33.59","33.00","33.76","33.00","310.49K","1.02%"
"Mar 29, 2016","33.25","33.59","33.59","33.08","203.28K","0.24%"
"Mar 28, 2016","33.17","33.76","34.09","33.00","225.41K","-1.98%"
"Mar 27, 2016","33.84","33.17","34.43","33.17","220.48K","1.77%"
"Mar 24, 2016","33.25","33.92","34.01","33.17","314.10K","-1.51%"
"Mar 23, 2016","33.76","34.43","34.43","33.42","392.48K","-1.69%"
"Mar 22, 2016","34.34","34.51","34.68","34.26","460.11K","-0.26%"
"Mar 21, 2016","34.43","34.43","34.93","34.34","408.69K","0.26%"
"Mar 20, 2016","34.34","34.76","34.76","34.09","417.18K","-1.69%"
"Mar 16, 2016","34.93","34.01","35.18","33.92","847.79K","2.98%"
"Mar 15, 2016","33.92","33.34","34.18","33.08","487.89K","2.79%"
"Mar 14, 2016","33.00","33.59","33.59","32.92","590.04K","-1.49%"
"Mar 13, 2016","33.50","33.59","33.92","33.08","560.04K","0.24%"
"Mar 10, 2016","33.42","33.59","34.01","33.17","384.52K","-0.24%"
"Mar 09, 2016","33.50","33.42","33.84","33.25","399.09K","0.24%"
"Mar 08, 2016","33.42","33.76","33.76","33.25","335.71K","0.00%"
"Mar 07, 2016","33.42","33.08","33.92","33.08","316.43K","0.51%"
"Mar 06, 2016","33.25","33.59","33.76","33.08","253.85K","-1.51%"
"Mar 03, 2016","33.76","33.76","34.01","33.76","513.20K","0.00%"
"Mar 02, 2016","33.76","33.84","34.01","33.67","837.31K","0.27%"
"Mar 01, 2016","33.67","34.43","34.51","33.17","1.12M","-1.23%"
"Feb 29, 2016","34.09","34.60","34.68","33.92","782.64K","-1.70%"
"Feb 28, 2016","34.68","35.18","35.18","34.51","942.16K","-1.42%"
"Feb 25, 2016","35.18","34.51","35.52","34.51","2.83M","2.18%"
"Feb 24, 2016","34.43","34.18","34.85","33.84","952.60K","0.26%"
"Feb 23, 2016","34.34","34.93","35.18","34.09","1.12M","-0.98%"
"Feb 22, 2016","34.68","35.52","35.52","34.01","1.15M","-0.49%"
"Feb 18, 2016","34.85","35.27","35.52","34.76","1.16M","-0.94%"
"Feb 17, 2016","35.18","34.76","35.60","34.51","4.20M","2.45%"
"Feb 16, 2016","34.34","34.18","34.51","33.92","1.87M","0.97%"
"Feb 15, 2016","34.01","33.08","34.34","33.08","1.48M","2.81%"
"Feb 14, 2016","33.08","33.34","33.76","32.92","734.87K","-0.51%"
"Feb 11, 2016","33.25","32.50","33.59","32.50","1.43M","2.59%"
"Feb 10, 2016","32.41","32.16","32.66","32.16","300.77K","0.78%"
"Feb 09, 2016","32.16","32.24","32.50","31.91","423.51K","0.00%"
"Feb 08, 2016","32.16","32.75","32.75","31.91","569.31K","-1.80%"
"Feb 07, 2016","32.75","33.34","33.59","32.50","802.08K","-1.00%"
"Feb 04, 2016","33.08","31.91","33.42","31.91","1.35M","3.67%"
"Feb 03, 2016","31.91","31.74","32.16","31.49","784.47K","0.79%"
"Feb 02, 2016","31.66","31.49","31.82","31.32","516.36K","1.90%"
"Feb 01, 2016","31.07","31.07","31.99","30.65","1.15M","0.00%"
"Jan 31, 2016","31.07","31.32","31.57","30.98","603.86K","-1.33%"
"Jan 28, 2016","31.49","31.91","31.91","31.40","769.71K","-0.79%"
"Jan 27, 2016","31.74","32.41","32.41","31.66","573.45K","-0.25%"
"Jan 26, 2016","31.82","32.41","32.41","31.74","276.58K","0.00%"
"Jan 25, 2016","31.82","32.41","32.66","31.66","615.06K","-1.30%"
"Jan 24, 2016","32.24","33.17","33.17","31.99","662.33K","-0.52%"
"Jan 21, 2016","32.41","32.75","33.00","32.33","315.76K","-1.28%"
"Jan 20, 2016","32.83","33.50","33.59","32.66","1.17M","-1.03%"
"Jan 19, 2016","33.17","33.42","33.92","32.75","981.17K","-0.99%"
"Jan 18, 2016","33.50","32.66","34.01","32.66","863.58K","3.91%"
"Jan 17, 2016","32.24","33.42","33.76","31.91","1.09M","-3.76%"
"Jan 14, 2016","33.50","34.43","34.43","33.25","943.66K","-1.73%"
"Jan 13, 2016","34.09","34.60","34.68","33.92","1.34M","-0.26%"
"Jan 12, 2016","34.18","34.26","34.51","34.01","668.23K","0.77%"
"Jan 11, 2016","33.92","34.26","34.76","33.67","882.72K","-0.26%"
"Jan 10, 2016","34.01","34.34","34.68","33.84","814.70K","0.00%"
"Jan 07, 2016","34.01","34.43","34.60","33.84","747.78K","-1.22%"
"Jan 06, 2016","34.43","34.51","34.76","34.26","955.61K","1.00%"
"Jan 05, 2016","34.09","34.34","34.76","33.92","1.21M","-0.26%"
"Jan 04, 2016","34.18","34.34","34.43","34.01","411.65K","-0.47%"
"Jan 03, 2016","34.34","34.76","34.85","34.09","504.56K","-0.49%"
"Dec 31, 2015","34.51","34.85","34.85","33.84","1.90M","-0.49%"
"Dec 30, 2015","34.68","34.43","34.93","33.76","1.37M","1.46%"
"Dec 29, 2015","34.18","34.34","34.43","34.01","479.16K","0.26%"
"Dec 28, 2015","34.09","34.76","34.85","33.92","773.65K","-2.40%"
"Dec 27, 2015","34.93","34.43","35.35","34.34","1.10M","1.72%"
"Dec 24, 2015","34.34","34.43","34.51","33.67","783.99K","1.48%"
"Dec 23, 2015","33.84","35.02","35.02","33.67","1.30M","-2.90%"
"Dec 22, 2015","34.85","35.60","35.69","34.51","2.16M","-1.41%"
"Dec 21, 2015","35.35","36.36","36.53","35.10","1.34M","-2.10%"
"Dec 20, 2015","36.11","34.93","36.44","34.93","2.50M","3.62%"
"Dec 17, 2015","34.85","34.01","35.10","34.01","1.04M","3.50%"
"Dec 15, 2015","33.67","34.43","34.85","33.42","941.34K","-2.69%"
"Dec 14, 2015","34.60","35.85","35.85","34.09","967.01K","-1.90%"
"Dec 13, 2015","35.27","36.11","36.69","35.10","1.05M","-1.86%"
"Dec 10, 2015","35.94","35.69","36.11","35.27","1.82M","1.90%"
"Dec 09, 2015","35.27","34.43","35.52","34.26","2.02M","2.44%"
"Dec 08, 2015","34.43","34.93","35.52","33.92","1.51M","-1.21%"
"Dec 07, 2015","34.85","34.34","35.27","33.67","2.04M","0.99%"
"Dec 06, 2015","34.51","34.85","34.85","33.84","1.90M","2.49%"
"Dec 03, 2015","33.67","33.50","33.92","33.08","1.21M","0.75%"
"Dec 02, 2015","33.42","31.57","34.01","31.49","2.32M","5.29%"
"Dec 01, 2015","31.74","31.99","32.33","31.49","461.73K","-0.25%"
"Nov 30, 2015","31.82","31.24","32.16","30.98","548.20K","2.98%"
"Nov 29, 2015","30.90","30.90","30.73","31.24","675.73K","0.00%"
"Nov 26, 2015","30.90","30.90","31.15","30.56","403.22K","1.64%"
"Nov 25, 2015","30.40","30.40","31.32","30.14","334.26K","-0.52%"
"Nov 24, 2015","30.56","30.56","31.32","30.31","396.93K","-2.18%"
"Nov 23, 2015","31.24","32.58","32.58","30.82","918.54K","-4.35%"
"Nov 22, 2015","32.66","30.48","32.33","31.07","631.36K","5.12%"
"Nov 19, 2015","31.07","30.48","31.32","30.31","652.08K","2.78%"
"Nov 18, 2015","30.23","30.48","30.65","29.98","450.45K","-1.37%"
"Nov 17, 2015","30.65","29.98","30.90","29.89","827.94K","2.54%"
"Nov 16, 2015","29.89","29.22","30.23","29.22","380.06K","3.46%"
"Nov 15, 2015","28.89","29.39","29.39","28.72","303.12K","-0.55%"
"Nov 12, 2015","29.05","29.14","29.39","28.80","541.33K","1.47%"
"Nov 11, 2015","28.63","29.39","29.47","28.38","385.55K","-0.90%"
"Nov 10, 2015","28.89","28.97","29.81","28.63","394.16K","-0.55%"
"Nov 09, 2015","29.05","29.73","29.73","28.89","287.20K","-1.99%"
"Nov 08, 2015","29.64","29.47","30.65","29.22","423.45K","0.27%"
"Nov 05, 2015","29.56","30.40","30.56","29.39","266.03K","-2.76%"
"Nov 04, 2015","30.40","30.98","31.07","30.31","299.29K","-1.36%"
"Nov 03, 2015","30.82","30.82","31.24","30.73","200.35K","-0.80%"
"Nov 02, 2015","31.07","31.66","31.66","30.48","112.47K","0.00%"
"Nov 01, 2015","31.07","32.08","32.08","30.82","303.66K","-1.86%"
"Oct 29, 2015","31.66","32.58","32.58","30.73","746.80K","4.45%"
"Oct 28, 2015","30.31","30.31","30.73","30.23","206.07K","-0.30%"
"Oct 27, 2015","30.40","30.56","31.32","30.14","174.04K","-2.16%"
"Oct 26, 2015","31.07","31.57","31.66","30.73","245.67K","-1.33%"
"Oct 25, 2015","31.49","31.49","31.66","30.65","419.36K","-0.54%"
"Oct 21, 2015","31.66","30.82","31.91","30.82","447.13K","2.19%"
"Oct 20, 2015","30.98","29.14","31.24","28.55","1.55M","8.82%"
"Oct 19, 2015","28.47","28.89","29.22","28.38","578.05K","-0.87%"
"Oct 18, 2015","28.72","29.98","30.06","28.55","460.39K","-5.00%"
"Oct 15, 2015","30.23","30.56","31.15","30.06","373.03K","-0.26%"
"Oct 14, 2015","30.31","31.07","31.32","30.06","334.03K","-2.16%"
"Oct 13, 2015","30.98","31.15","31.32","30.65","560.42K","-1.09%"
"Oct 12, 2015","31.32","31.15","31.66","30.98","251.74K","0.80%"
"Oct 11, 2015","31.07","30.90","31.40","30.65","263.56K","0.29%"
"Oct 08, 2015","30.98","31.49","31.82","30.90","357.84K","-2.39%"
"Oct 07, 2015","31.74","31.99","32.24","31.57","234.83K","-1.06%"
"Oct 06, 2015","32.08","32.16","32.66","31.91","336.58K","-1.53%"
"Oct 05, 2015","32.58","31.74","32.83","31.74","360.44K","2.10%"
"Oct 04, 2015","31.91","32.75","32.75","31.82","497.21K","-2.30%"
"Oct 01, 2015","32.66","32.75","33.17","32.50","368.75K","-0.27%"
"Sep 30, 2015","32.75","33.50","33.50","32.66","684.19K","-1.50%"
"Sep 29, 2015","33.25","33.42","33.67","33.08","331.99K","-0.75%"
"Sep 28, 2015","33.50","34.68","34.68","33.25","584.42K","-2.22%"
"Sep 22, 2015","34.26","34.18","34.60","33.84","435.08K","0.23%"
"Sep 21, 2015","34.18","33.17","34.43","32.83","697.85K","3.33%"
"Sep 20, 2015","33.08","32.83","33.25","32.75","335.11K","1.78%"
"Sep 17, 2015","32.50","33.17","33.50","31.91","726.69K","-0.76%"
"Sep 16, 2015","32.75","33.59","34.26","32.33","1.10M","-2.50%"
"Sep 15, 2015","33.59","34.60","34.85","33.42","636.45K","-3.14%"
"Sep 14, 2015","34.68","34.51","34.85","34.51","339.61K","0.00%"
"Sep 13, 2015","34.68","34.68","35.02","34.60","432.91K","0.49%"
"Sep 10, 2015","34.51","34.85","35.02","34.34","482.67K","-0.49%"
"Sep 09, 2015","34.68","34.76","35.02","34.60","422.79K","-0.72%"
"Sep 08, 2015","34.93","35.02","35.44","34.85","477.32K","-0.26%"
"Sep 07, 2015","35.02","35.02","35.52","34.85","463.30K","0.49%"
"Sep 06, 2015","34.85","35.69","35.69","34.43","649.01K","-1.66%"
"Sep 03, 2015","35.44","35.77","35.94","35.27","609.16K","-1.39%"
"Sep 02, 2015","35.94","35.69","36.11","35.60","511.43K","1.67%"
"Sep 01, 2015","35.35","35.85","35.85","35.18","531.59K","-1.64%"
"Aug 31, 2015","35.94","36.11","36.44","35.69","355.95K","-0.22%"
"Aug 30, 2015","36.02","37.03","37.20","35.77","704.85K","-2.94%"
"Aug 27, 2015","37.11","37.20","37.79","36.95","937.95K","-0.24%"
"Aug 26, 2015","37.20","37.70","38.21","37.03","1.67M","-0.67%"
"Aug 25, 2015","37.45","36.95","37.70","36.53","2.22M","1.35%"
"Aug 24, 2015","36.95","36.11","37.37","35.94","1.55M","2.81%"
"Aug 23, 2015","35.94","37.28","37.37","35.77","1.57M","-4.47%"
"Aug 19, 2015","37.62","36.61","38.04","36.61","2.24M","2.53%"
"Aug 18, 2015","36.69","36.36","36.95","36.19","649.32K","-0.24%"
"Aug 17, 2015","36.78","36.02","36.95","36.02","1.03M","1.86%"
"Aug 16, 2015","36.11","37.53","37.53","35.77","1.21M","-3.14%"
"Aug 13, 2015","37.28","37.45","38.04","37.03","1.42M","0.68%"
"Aug 12, 2015","37.03","36.78","37.37","36.19","1.05M","1.84%"
"Aug 11, 2015","36.36","37.70","37.70","36.19","1.16M","-2.47%"
"Aug 10, 2015","37.28","38.04","38.46","37.11","1.36M","-2.00%"
"Aug 09, 2015","38.04","37.87","38.46","37.45","1.88M","1.36%"
"Aug 06, 2015","37.53","37.79","38.21","37.28","2.26M","-0.69%"
"Aug 05, 2015","37.79","39.47","39.47","37.45","3.15M","-4.04%"
"Aug 04, 2015","39.38","39.47","40.22","38.54","3.66M","0.43%"
"Aug 03, 2015","39.21","40.47","40.56","39.05","4.16M","-2.73%"
"Aug 02, 2015","40.31","37.28","40.81","37.28","5.07M","8.13%"
"Jul 30, 2015","37.28","36.95","37.62","35.52","6.49M","2.05%"
"Jul 29, 2015","36.53","37.03","37.45","36.27","3.78M","-0.44%"
"Jul 28, 2015","36.69","35.94","37.20","35.85","2.85M","2.57%"
"Jul 27, 2015","35.77","36.36","36.44","35.44","3.29M","-2.08%"
"Jul 26, 2015","36.53","35.27","37.20","35.18","5.60M","4.31%"
"Jul 23, 2015","35.02","33.17","35.27","32.58","3.19M","6.12%"
"Jul 22, 2015","33.00","32.75","33.59","32.75","1.55M","0.76%"
"Jul 21, 2015","32.75","31.74","33.17","31.74","838.04K","4.00%"
"Jul 14, 2015","31.49","31.40","31.66","31.15","341.83K","0.29%"
"Jul 13, 2015","31.40","31.49","31.74","31.32","309.09K","0.00%"
"Jul 12, 2015","31.40","31.24","31.66","31.24","382.87K","0.00%"
"Jul 09, 2015","31.40","31.91","31.91","31.24","310.88K","-0.29%"
"Jul 08, 2015","31.49","31.66","31.82","31.40","572.60K","-0.79%"
"Jul 07, 2015","31.74","31.74","31.99","31.49","493.48K","-0.25%"
"Jul 06, 2015","31.82","31.99","32.16","31.66","383.29K","-0.81%"
"Jul 05, 2015","32.08","31.74","32.33","31.40","733.09K","1.07%"
"Jul 02, 2015","31.74","32.33","32.33","31.57","497.39K","-0.25%"
"Jun 30, 2015","31.82","31.57","32.24","31.57","655.36K","1.05%"
"Jun 29, 2015","31.49","31.66","31.74","31.07","417.35K","0.80%"
"Jun 28, 2015","31.24","31.24","31.49","31.07","511.05K","1.36%"
"Jun 25, 2015","30.82","30.65","31.32","30.65","617.03K","-1.06%"
"Jun 24, 2015","31.15","31.15","31.49","30.90","341.02K","0.00%"
"Jun 23, 2015","31.15","31.57","31.74","31.07","738.64K","-1.08%"
"Jun 22, 2015","31.49","31.74","31.74","31.32","324.74K","0.29%"
"Jun 21, 2015","31.40","31.82","32.08","31.24","375.95K","-0.54%"
"Jun 18, 2015","31.57","31.74","32.16","31.49","364.01K","-0.79%"
"Jun 17, 2015","31.82","31.74","32.24","31.66","537.77K","-0.28%"
"Jun 16, 2015","31.91","31.91","32.16","31.74","437.91K","-0.25%"
"Jun 15, 2015","31.99","31.15","32.16","31.15","570.53K","2.40%"
"Jun 14, 2015","31.24","32.08","32.16","31.07","887.25K","-2.10%"
"Jun 11, 2015","31.91","32.75","33.08","31.66","834.13K","-1.02%"
"Jun 10, 2015","32.24","32.58","33.08","32.16","1.06M","0.78%"
"Jun 09, 2015","31.99","32.92","33.25","31.91","1.28M","-2.56%"
"Jun 08, 2015","32.83","34.01","34.18","32.66","1.89M","-4.17%"
"Jun 07, 2015","34.26","34.93","35.69","33.92","2.93M","-0.23%"
"Jun 04, 2015","34.34","35.44","36.11","34.01","3.65M","-1.94%"
"Jun 02, 2015","35.02","33.59","36.61","33.25","6.56M","4.54%"
"Jun 01, 2015","33.50","32.08","33.76","31.82","4.19M","4.98%"
"May 31, 2015","31.91","32.75","32.92","31.74","1.59M","-0.25%"
"May 28, 2015","31.99","32.08","33.00","31.82","1.59M","-0.53%"
"May 27, 2015","32.16","33.50","33.59","31.91","2.16M","-3.28%"
"May 26, 2015","33.25","34.01","34.76","32.92","3.52M","-1.25%"
"May 25, 2015","33.67","33.50","34.34","33.08","3.44M","0.51%"
"May 24, 2015","33.50","34.26","34.34","33.34","1.15M","-1.24%"
"May 21, 2015","33.92","35.18","35.18","33.76","3.21M","-2.42%"
"May 20, 2015","34.76","34.26","35.02","33.34","4.43M","3.48%"
"May 19, 2015","33.59","34.18","34.68","33.42","2.78M","-0.24%"
"May 18, 2015","33.67","33.84","34.76","33.50","3.29M","0.00%"
"May 17, 2015","33.67","33.67","34.26","33.00","3.88M","-0.50%"
"May 14, 2015","33.84","34.68","35.10","33.17","3.31M","-1.46%"
"May 13, 2015","34.34","31.32","34.76","31.32","3.54M","8.46%"
"May 12, 2015","31.66","32.58","32.66","31.49","2.21M","-1.80%"
"May 11, 2015","32.24","33.34","33.34","31.99","2.90M","-1.04%"
"May 10, 2015","32.58","31.49","32.75","31.49","3.15M","3.76%"
"May 07, 2015","31.40","31.91","32.58","31.07","2.16M","-0.54%"
"May 06, 2015","31.57","31.49","32.24","30.82","2.06M","1.06%"
"May 05, 2015","31.24","31.49","32.24","30.98","1.24M","1.10%"
"May 04, 2015","30.90","31.82","31.99","30.73","2.02M","-2.12%"
"Apr 30, 2015","31.57","32.16","32.75","31.24","1.49M","-2.35%"
"Apr 29, 2015","32.33","32.33","33.50","31.99","2.90M","-1.79%"
"Apr 27, 2015","32.92","31.91","33.17","31.91","1.85M","2.36%"
"Apr 26, 2015","32.16","32.16","34.76","31.15","5.69M","0.34%"
"Apr 22, 2015","32.05","30.89","32.20","30.74","6.67M","3.76%"
"Apr 21, 2015","30.89","33.59","33.59","30.45","2.66M","-3.86%"
"Apr 20, 2015","32.13","33.15","33.44","31.76","8.67M","-4.55%"
"Apr 19, 2015","33.66","33.15","34.68","32.93","7.03M","3.13%"
"Apr 16, 2015","32.64","30.59","32.86","30.45","11.29M","7.97%"
"Apr 15, 2015","30.23","29.94","30.89","29.50","3.95M","1.99%"
"Apr 13, 2015","29.64","29.21","30.08","28.99","2.81M","0.99%"
"Apr 12, 2015","29.35","30.67","31.40","29.13","4.25M","-3.14%"
"Apr 09, 2015","30.30","30.45","30.67","29.64","4.01M","0.97%"
"Apr 08, 2015","30.01","28.48","30.45","27.53","3.54M","5.93%"
"Apr 07, 2015","28.33","28.99","29.21","27.89","4.05M","-4.42%"
"Apr 06, 2015","29.64","30.01","31.03","28.84","4.76M","-1.72%"
"Apr 05, 2015","30.16","30.59","30.67","29.57","3.13M","-0.23%"
"Apr 02, 2015","30.23","30.23","30.89","29.94","2.21M","0.00%"
"Apr 01, 2015","30.23","30.81","31.47","30.01","4.31M","-1.43%"
"Mar 31, 2015","30.67","30.30","31.91","30.30","5.80M","2.20%"
"Mar 30, 2015","30.01","29.21","30.37","28.48","5.59M","2.74%"
"Mar 29, 2015","29.21","28.18","29.57","28.18","5.88M","3.91%"
"Mar 25, 2015","28.11","27.02","28.33","26.87","5.92M","4.61%"
"Mar 24, 2015","26.87","27.38","27.53","26.72","2.34M","-1.36%"
"Mar 23, 2015","27.24","27.67","27.97","27.09","2.26M","-1.30%"
"Mar 22, 2015","27.60","27.38","28.18","27.38","2.26M","0.25%"
"Mar 19, 2015","27.53","27.38","27.82","27.31","2.01M","1.06%"
"Mar 18, 2015","27.24","27.31","27.89","27.09","3.10M","-0.51%"
"Mar 16, 2015","27.38","27.38","28.33","27.16","3.65M","-0.54%"
"Mar 15, 2015","27.53","28.18","28.55","27.38","3.38M","-2.58%"
"Mar 12, 2015","28.26","28.70","29.13","27.97","4.97M","-1.26%"
"Mar 11, 2015","28.62","27.31","29.21","27.09","8.48M","5.38%"
"Mar 10, 2015","27.16","27.89","28.40","27.02","3.82M","-3.14%"
"Mar 09, 2015","28.04","27.24","28.91","27.24","5.47M","3.24%"
"Mar 08, 2015","27.16","27.02","27.75","26.43","4.97M","0.26%"